,zcr_mean,sc_mean,mfcc_mean1,mfcc_mean2,mfcc_mean3,mfcc_mean4,mfcc_mean5,mfcc_mean6,mfcc_mean7,mfcc_mean8,mfcc_mean9,mfcc_mean10,mfcc_mean11,mfcc_mean12,mfcc_mean13,mfcc_mean14,mfcc_mean15,mfcc_mean16,mfcc_mean17,mfcc_mean18,mfcc_mean19,mfcc_mean20,zcr_vcr,sc_var,mfcc_var1,mfcc_var2,mfcc_var3,mfcc_var4,mfcc_var5,mfcc_var6,mfcc_var7,mfcc_var8,mfcc_var9,mfcc_var10,mfcc_var11,mfcc_var12,mfcc_var13,mfcc_var14,mfcc_var15,mfcc_var16,mfcc_var17,mfcc_var18,mfcc_var19,mfcc_var20,label
0,-0.768377228,-0.312394226,0.64125135,0.221772008,0.000908148,0.232295151,-0.122919822,0.59262678,-0.241108807,0.187848715,-0.150927672,-0.104937321,0.037793101,-0.651436193,-0.305027994,-0.678463113,-0.332750343,-0.5621279,-0.610707861,-0.605755147,-0.05812741,-0.485377244,-0.946186497,-0.404296903,-0.256175613,-0.32085235,-0.589814897,-0.882276563,-0.824932894,-0.873800732,-0.786716226,-0.842886258,-0.833102648,-0.825973582,-0.607287955,-0.736003537,-0.683748487,-0.773244313,-0.723509273,-0.828249013,-0.84091184,-0.807416694,-0.717168075,-0.593418749,music
1,-0.774187106,-0.565916416,-0.019676878,0.342226233,-0.141171031,0.193339652,0.304882606,-0.021256027,0.280352881,0.280961235,0.164469702,0.215305667,0.006722413,-0.563020544,-0.21006387,-0.669717493,0.14078405,0.178816283,0.325060989,0.250671241,0.419065211,0.043588574,-0.959931863,-0.960566064,-0.772423974,-0.893374963,-0.568290045,-0.752092118,-0.874206397,-0.840625545,-0.83524514,-0.696168442,-0.807868688,-0.701342664,-0.628918128,-0.616279725,-0.208314244,-0.357038751,-0.406505197,-0.52924058,-0.549448014,-0.135651273,-0.236867309,0.024282199,music
2,-0.621041499,-0.368561429,0.273719329,0.20624127,-0.049069768,0.077143543,-0.050809802,-0.074364771,-0.368018119,-0.424610549,-0.417036477,-0.382131374,-0.500794218,-0.734793327,-0.352186582,-0.564112595,-0.26729065,-0.448456271,-0.246707883,-0.037870439,0.148744901,-0.496311785,-0.583552339,-0.335263844,0.471652049,-0.070872813,0.816078097,-0.669010441,-0.705865708,-0.746813844,-0.624204957,-0.65465497,-0.637910717,-0.287650417,-0.422965402,0.216137317,-0.389293532,0.120979603,-0.621676121,-0.470819701,-0.729247978,-0.495305801,-0.095582449,-0.552026365,music
3,-0.552203311,-0.111052006,0.634287995,0.079482396,-0.091380368,0.108261996,-0.00806638,0.321221629,-0.129636212,0.167831683,-0.267540119,0.139444623,0.378429305,-0.497489186,-0.298607128,-0.783044047,-0.701921269,-0.175185555,-0.573693975,-0.255315746,-0.172914041,-0.164655883,-0.869450781,-0.634402661,-0.806037191,-0.670307907,-0.590103345,-0.861361936,-0.831929617,-0.744914263,-0.786884456,-0.855304575,-0.801838515,-0.817391602,-0.712783488,-0.750148014,-0.604304391,-0.716053954,-0.675222917,-0.620778641,-0.76313199,-0.728114005,-0.720419369,-0.588558018,music
4,-0.552885987,-0.361213625,0.712349265,0.302133995,-0.362840651,0.887601326,0.066463691,0.403371256,-0.272487677,0.650373174,0.055294848,0.249450554,-0.182222728,-0.451047529,-0.158255264,-0.704271973,-0.008105313,-0.863281131,-0.172399103,-0.662212456,0.028476965,0.034764773,-0.77313111,-0.851324341,-0.765082286,-0.772009262,-0.60629448,-0.721735581,-0.806627742,-0.840871861,-0.7804166,-0.816757629,-0.877253532,-0.854569279,-0.804490508,-0.771045161,-0.741863289,-0.797700833,-0.794633557,-0.751675869,-0.786768886,-0.798801548,-0.827064711,-0.694062751,music
5,-0.864389993,-0.525535865,0.079244918,0.069953319,0.14508779,1,0.490896078,0.756406409,0.426606107,0.823796778,0.130962165,0.649457928,0.55372305,-0.467904057,-0.125437584,-0.573690792,-0.267923838,-0.541833687,-0.398179192,-0.368111395,0.112302751,-0.087498417,-0.843692532,-0.513185803,-0.11788422,-0.252871087,0.158938235,-0.21088138,-0.370477089,-0.558950974,-0.279647038,-0.418268459,-0.477057746,-0.262231344,-0.317758892,-0.463581219,-0.231722053,-0.410724021,-0.465896685,-0.515139961,-0.605220307,-0.535788391,-0.362366802,0.424736972,music
6,-0.447366705,-0.10292991,0.496695946,-0.029622434,-0.435953782,0.340881934,0.385969975,-0.354191117,-0.448145333,-0.533407588,-0.9304533,-0.371496459,-0.683862209,-0.522311261,-0.410061719,-0.47970989,0.694061715,0.107202576,0.885205169,0.600322014,0.481942369,0.445234311,-0.54896207,-0.60540116,-0.850587472,-0.765064888,-0.643250525,-0.711420303,-0.88610379,-0.736042432,-0.71948826,-0.680927052,-0.649232739,-0.708539952,-0.636591114,-0.622703882,-0.379574143,-0.393800598,-0.576198174,-0.521618924,-0.342996484,-0.466946672,-0.590410719,-0.605985603,music
7,-0.68089078,-0.17885242,0.35857875,0.020816377,0.087974609,0.200204241,0.251374678,0.510227705,0.092764413,0.090612168,-0.017586285,0.35673643,0.277096061,-0.300515846,-0.233284389,-0.59152715,-0.168976407,-0.253693585,-0.174354042,0.07293466,0.164753448,-0.053793644,-0.75401861,-0.488837513,-0.591850507,-0.670603625,-0.533104367,-0.475128406,-0.596428648,-0.647179721,-0.525739225,-0.501954657,-0.659853796,-0.557580132,-0.490333529,-0.537751514,-0.365421558,-0.384355629,-0.352982884,-0.418927164,-0.410627854,-0.394092962,-0.076512539,1,music
8,-0.724400672,-0.587097082,0.074211768,0.461997803,-0.07873252,-0.310790612,0.095999814,0.084908835,-0.091667802,0.025418177,-0.131900807,0.195113832,0.287345153,-0.485386503,-0.238271406,-0.629906331,0.092043031,-0.031018154,0.154494966,0.06171212,0.239250506,-0.175718492,-0.904008441,-0.841469679,-0.352992012,-0.784343172,0.103363944,-0.365658816,-0.831739845,-0.857586529,-0.884681753,-0.902770363,-0.868052958,-0.864675636,-0.735131424,-0.810859153,-0.605042614,-0.438795351,-0.213644188,-0.381208575,-0.580055466,-0.470950813,-0.519729682,-0.656159444,music
9,-0.42758133,0.025814303,0.999102332,-0.061284251,-0.225523896,0.237278469,0.390112199,0.092738029,-0.035863073,0.144173726,-0.087610287,0.354333679,-0.258249653,-0.373412273,-0.146798769,-0.67133727,-0.190921862,-0.120772443,0.285895079,0.364303445,0.1146891,0.113925749,-0.783139283,-0.595262434,-0.422109858,-0.658560377,-0.506760809,-0.618684479,-0.764030354,-0.454947065,-0.32412082,-0.625801366,-0.756851503,-0.514157263,-0.501069247,-0.374879802,-0.454794771,-0.263130703,-0.450484794,-0.406066433,-0.559010775,-0.360615108,-0.321019396,-0.414464905,music
10,-0.368836557,-0.060085357,0.452863405,-0.059089052,-0.645364357,0.170835319,0.289432112,-0.37464756,-0.380601472,-0.38817358,-0.776445817,-0.026268101,-0.363241788,-0.339451534,-0.134484694,-0.447531775,0.607050592,0.670884966,0.72519115,0.880049274,0.663816624,-0.01968562,-0.855042629,-0.909031284,-0.767857723,-0.888166954,-0.557350084,-0.749532433,-0.925948191,-0.419782471,-0.838610076,-0.705922336,-0.579287872,-0.800940162,-0.622402277,-0.765819159,-0.736018203,-0.591890811,-0.643139114,-0.590463497,-0.719187766,-0.543284353,-0.492808586,-0.637556418,music
11,-0.800373332,-0.494957573,0.033731449,0.227714381,-0.052397587,0.021140948,0.097193034,0.142169622,-0.141336404,-0.029714855,-0.162555073,-0.067765179,0.011567237,-0.554666309,-0.274554064,-0.691179838,-0.184214223,-0.330769581,-0.020657683,-0.032260755,0.156087366,-0.311995133,-0.914377397,-0.798886607,-0.109706374,-0.737766073,0.108746647,-0.759218765,-0.804095811,-0.798342017,-0.702013648,-0.85481465,-0.730018962,-0.849455421,-0.762521352,-0.810409365,-0.669047259,-0.85207336,-0.725292989,-0.818486245,-0.849390575,-0.84396193,-0.760904949,-0.75396056,music
12,-0.247346734,0.041033877,0.7743842,-0.146138102,-0.578728602,0.056519286,0.776823628,0.605711658,-0.133688191,0.521552694,0.017494976,0.219356223,0.301182498,-0.497293501,-0.13212419,-0.731979575,-0.167813783,-0.596793746,0.043759776,-0.075255447,0.079638481,-0.167069979,-0.950935724,-0.820851916,-0.904537671,-0.827437939,-0.638358625,-0.842562875,-0.803679617,-0.811465082,-0.761200623,-0.804183833,-0.847651537,-0.798090894,-0.797124096,-0.847056949,-0.739782943,-0.820131091,-0.713516197,-0.825922232,-0.740930403,-0.665235289,-0.710239921,-0.748974316,music
13,-0.662372941,-0.230644119,0.05153242,-0.020778899,-0.099956787,0.084973035,0.063170907,0.264525459,0.065970951,0.323688194,0.016993732,0.322771742,0.193855813,-0.400522894,-0.334373011,-0.77145667,-0.315877529,0.041896161,-0.02278569,-0.143320008,0.323665405,-0.053016055,-0.795747709,-0.583650077,-0.190584399,-0.719460452,-0.277678502,-0.623248912,-0.687393459,-0.740547774,-0.746277087,-0.640576064,-0.64954245,-0.72671454,-0.619153707,-0.670040267,-0.447999704,-0.481685984,-0.549705821,-0.812158976,-0.779362118,-0.631835396,-0.715101853,-0.7069185,music
14,-0.484703984,-0.041937176,1,-0.035120993,-0.185666617,0.152389131,0.155560404,0.557245312,-0.278353858,0.18404619,-0.196434043,0.110146821,0.165575558,-0.395350904,-0.281327134,-0.63224563,0.015275044,0.019755879,0.29441672,0.266395869,0.289043945,-0.004880506,-0.6325175,-0.467586221,-0.457005758,-0.407541601,-0.432584478,-0.689253943,-0.652243718,-0.632955686,-0.210851412,-0.50569631,-0.564321905,-0.508321188,-0.49050692,-0.364787526,-0.339729614,-0.240679475,-0.300122499,-0.087634583,-0.124335836,-0.134387551,-0.24800797,-0.262648934,music
15,-0.752471898,0.152343569,-0.358872851,-0.407096333,0.097560276,0.155025085,0.893795456,0.318861775,-0.189331234,0.022249326,-0.045176048,0.057222713,-0.148585702,-0.504211358,0.155844983,-0.414516074,-1,-0.330073639,-0.305664306,-0.020116012,0.490850322,-0.705008426,-0.867582194,-0.749023545,-0.559685779,-0.678685403,0.193055276,-0.837282862,-0.880123236,-0.619849935,-0.454113146,-0.711335169,-0.477183217,-0.019789993,0.306185546,-0.086881093,0.709083017,0.37919056,0.606922071,0.033582601,0.198377411,0.146219217,-0.041803439,-0.448303601,music
16,-0.722505482,-0.579640791,0.226685677,0.384230328,-0.442034874,0.842830271,1,0.395416288,0.217436703,-0.606703117,-0.236325411,-0.399785705,-0.064880392,-0.267852528,-0.151963845,-0.635242164,-0.350082329,-0.48380838,-0.058973505,-0.36561225,0.185656856,-0.251374914,-0.892701705,-0.887340232,-0.495565428,-0.823984839,0.243556866,-0.313584217,-0.445543283,-0.822144907,-0.603343984,-0.438206516,-0.713015181,-0.733901191,-0.600189728,-0.527988243,-0.67279551,-0.563958003,-0.531871399,-0.620263247,-0.641545463,-0.542865606,-0.609578464,-0.476813864,music
17,-0.392703723,0.052783948,0.853861357,-0.182450494,-0.279565303,0.701328222,0.615350915,0.438080654,0.150689111,0.521506064,-0.164681798,0.181252026,0.429133151,-0.467457542,-0.360810099,-0.708164514,-0.608509746,-0.410329312,-0.196865363,-0.138179299,0.087304203,0.063653204,-0.849697075,-0.643797876,-0.619601644,-0.597355896,-0.634707141,-0.614503945,-0.630893719,-0.717815662,-0.460451407,-0.598050734,-0.730765454,-0.577019751,-0.569549626,-0.644772306,-0.564296169,-0.609399805,-0.637139673,-0.557301015,-0.649667128,-0.553153697,-0.454076357,-0.32339172,music
18,-0.481759307,0.029820916,0.987496981,-0.11328067,-0.083031079,-0.005305495,0.62017406,0.397983244,-0.438284844,0.465592749,0.008484082,0.583420773,-0.123808813,-0.595397254,-0.17366034,-0.812125011,-0.546397133,-0.583351927,-0.607062178,-0.637810273,-0.07332819,-0.197512162,-0.93558868,-0.735851081,-0.676112975,-0.795280845,-0.847463069,-0.873017261,-0.789798003,-0.875853211,-0.792462508,-0.831789623,-0.827522626,-0.793849336,-0.799767036,-0.831383773,-0.747083775,-0.777442349,-0.677823149,-0.84438422,-0.832474772,-0.715904291,-0.765663689,-0.426697686,music
19,-0.825184017,-0.505129796,-0.061824828,0.168348808,-0.154397876,-0.255467725,0.361273269,0.168869886,-0.284865945,-0.258905546,-0.474610189,-0.404476247,-0.060233784,-0.637365533,-0.2371386,-0.526969498,-0.098921527,-0.261505395,0.209468378,0.083011987,0.22291569,0.20982532,-0.944802537,-0.856466589,0.188337066,-0.469867741,0.042783247,-0.754718375,-0.728802132,-0.811581182,-0.323291575,-0.703769782,-0.702692363,-0.787538249,-0.678951839,-0.703782771,-0.509061232,-0.406002761,-0.169595044,0.038929719,-0.236969767,0.053348569,0.162062411,0.496414046,music
20,-0.583669577,-0.299650787,0.562239308,0.188641021,-0.587972555,0.213404773,0.072880205,-0.444630223,-0.248046561,-0.380964605,-0.69102068,0.342105655,-0.542228195,-0.456224101,0.048139234,-0.403439783,0.706589962,0.904086223,0.681503665,0.816501724,0.713403433,0.496169781,-0.953683326,-0.978633008,-0.916876992,-0.975639997,-0.863417008,-0.931316607,-0.77114148,-0.794348566,-0.671215624,-0.831253244,-0.861849559,-0.696560096,-0.690744214,-0.753511738,-0.732063807,-0.582795593,-0.758135446,-0.794551611,-0.661467994,0.128276967,-0.076598171,-0.534745101,music
21,-0.515247108,-0.314405897,0.44456577,0.079545979,-0.53739208,0.468758502,0.514925141,-0.071692567,-0.062792717,0.400525869,-0.04861651,0.699760407,0.29646939,0.110082519,0.067115172,-0.266710058,0.721234241,0.700966728,0.733363903,0.762911815,0.527118215,0.148502724,-0.710765609,-0.889308632,-0.733164225,-0.866685196,-0.402844981,-0.819481162,-0.789473034,-0.251819867,-0.527865031,-0.422349601,-0.581207124,-0.510533381,-0.489388213,-0.537939956,-0.423924041,-0.444349484,-0.430926145,-0.477471055,-0.510247657,-0.505246368,-0.455524065,-0.171520844,music
22,-0.733703405,-0.37062929,0.357282526,0.178161297,0.057398909,0.130897961,0.299987484,0.253879161,0.105864326,0.215287369,0.024073568,0.158939628,0.027736463,-0.306153664,-0.273821422,-0.804345476,-0.381637028,0.214141384,0.68804434,0.736414777,0.416387793,-0.004864569,-0.92755821,-0.761216778,-0.588823409,-0.642341444,-0.463330685,-0.907711569,-0.836009964,-0.590297415,-0.737115261,-0.813654207,-0.858834483,-0.475447924,0.122264052,-0.282965595,-0.390468103,-0.293333757,0.01120548,0.008721056,0.019806319,-0.08430597,0.081652961,0.590040258,music
23,-0.532523904,0.014207776,0.449214694,-0.16505064,-0.095927221,0.461324613,0.051160741,0.327387158,0.272806422,0.430259341,-0.255549694,0.814785064,0.605158056,-0.363994185,-0.165232066,-0.540071003,-0.163825677,-0.113081754,-0.078987589,-0.083176806,0.239956755,-0.028333218,-0.871793544,-0.829404144,-0.869338047,-0.829818276,-0.67532012,-0.852467823,-0.900614576,-0.850295015,-0.641797973,-0.754002383,-0.81982894,-0.730738109,-0.624275165,-0.628979195,-0.565443674,-0.563480035,-0.655736649,-0.68848703,-0.627477444,-0.559420642,-0.427001005,-0.351300467,music
24,-0.354626709,-0.126074577,0.413397073,0.000223218,-0.602102051,0.5032527,0.307587419,-0.71742369,-0.407193535,-0.032225149,-1,0.322549563,0.120642487,-0.507738678,0.149611892,-0.068107796,0.412276331,0.423522943,0.663781147,0.733751619,0.501797163,0.433276862,-0.801692442,-0.923355133,-0.830575817,-0.891364936,-0.330493759,-0.502662247,-0.086156579,0.256066371,-0.37825662,-0.657362687,-0.044235549,-0.695690134,-0.484346433,-0.55020914,-0.400746234,-0.2517308,-0.59825141,-0.680156804,-0.429029022,-0.519024283,-0.468361676,-0.658042348,music
25,-0.025801074,0.218440417,0.637066267,-0.443481638,-0.486139102,-0.087709153,-0.290063088,0.064478707,-0.382412005,-0.117068382,-0.153233005,0.534632702,0.122148794,-0.279738997,-0.062155782,-0.526997717,0.46240993,0.117438218,0.459226422,0.709780854,0.350326916,0.151368454,-0.888943916,-0.937025722,-0.786851009,-0.873586238,-0.819020016,-0.790528462,-0.738452494,-0.856104321,-0.608660911,-0.768673279,-0.719308963,-0.706284434,-0.54638743,-0.380898914,-0.350411815,-0.294576586,-0.401281366,-0.420530362,-0.311211148,-0.052738939,-0.206494402,0.438388587,music
26,-0.759757171,-0.61119478,-0.011691257,0.355428832,-0.016721745,-0.107931177,0.314631306,0.141953502,0.068447752,0.08195348,-0.145535392,-0.101891145,0.005382448,-0.351598002,-0.048339335,-0.630676423,-0.202633849,-0.194184431,0.05837904,0.019868868,0.27087501,-0.12378363,-0.847146838,-0.753864312,-0.183406066,-0.540501986,-0.035054365,-0.760230449,-0.763510097,-0.813679912,-0.785200761,-0.752379371,-0.726570048,-0.686664191,-0.453139496,-0.194026475,-0.333338517,-0.529109099,-0.665210329,-0.624552804,-0.719087072,-0.645420453,-0.031274192,0.170009117,music
27,-0.713956749,-0.399836761,0.576100413,0.145701558,0.033030374,0.699848857,0.159423414,0.288829579,0.200732559,-0.21133673,-0.069273658,0.583978529,-0.228702548,0.04037888,-0.398093911,-0.385685435,0.276580707,0.09665522,-0.091474135,-0.674968651,0.062404541,0.170252413,-0.830100786,-0.888462632,0.542497505,-0.802578367,0.009557268,-0.701943828,-0.824509117,-0.795115352,-0.687074054,-0.738172769,-0.694416871,-0.648293933,-0.501938442,-0.080885407,-0.411260432,-0.032165653,0.089425117,-0.276810217,-0.528123336,0.076482486,-0.160635203,-0.258193827,music
28,-0.584535658,-0.057078657,0.614014955,-0.167070088,-0.054520922,0.592320238,0.244266059,0.379013869,0.208306533,0.357958367,-0.118574577,0.70366694,1,-0.204797685,-0.153269133,-0.52855323,0.135034168,-0.151987644,-0.153261261,-0.335921096,0.063256187,-0.714562358,-0.889524586,-0.798824559,-0.797201376,-0.768698659,-0.779505026,-0.797638957,-0.859905683,-0.782979594,-0.764972032,-0.774062016,-0.59045845,-0.610569629,-0.193964992,-0.25899358,0.251030989,-0.166842714,-0.09221536,-0.092878344,-0.247228533,-0.344861327,-0.210841395,-0.134417795,music
29,-0.542181221,-0.146975928,0.887479991,0.099792423,-0.345688035,-0.093907974,0.48449071,0.218409834,-0.260931343,0.195245768,-0.048754344,0.250070764,0.265852507,-0.248544403,-0.096952813,-0.681804091,-0.227941879,-0.014855294,0.141877644,0.049661408,0.208825928,-0.400302357,-0.944018984,-0.886230174,-0.743789926,-0.83336116,-0.76377275,-0.859056993,-0.777898551,-0.857325012,-0.771198516,-0.774154499,-0.881275723,-0.840548603,-0.702834465,-0.781178809,-0.619361799,-0.715355956,-0.781663618,-0.50232978,-0.606020501,-0.651413794,-0.649639562,-0.750622265,music
30,-0.438734421,0.059471658,0.695847066,-0.133088722,-0.075031181,0.039967304,0.025983155,0.413104265,-0.077955344,0.007820436,-0.350328416,-0.016914895,0.063195699,-0.5436734,-0.233390924,-0.696330089,-0.378768712,-0.030197897,0.021371196,-0.360796798,0.124282969,0.179964423,-0.485685066,-0.268545017,-0.334115255,-0.37792458,0.289748637,-0.23622819,-0.327209769,-0.450870931,-0.200518557,-0.410189062,0.095002266,-0.326722317,-0.036202702,-0.376005723,-0.293184344,-0.226263293,-0.308737689,-0.524591618,-0.522030466,-0.133089262,0.005707173,0.03701524,music
31,-0.627277285,-0.411684129,0.168423256,0.300287763,-0.112998186,-0.126695712,0.357597294,0.410146033,0.211512509,0.228800042,-0.180946291,-0.014770534,-0.27495212,-0.241908722,-0.081463117,-0.614257971,0.165737614,-0.132531378,-0.123967148,-0.355517702,0.691188882,-0.408068293,-0.919946506,-0.758591,-0.735788357,-0.791532383,-0.71704168,-0.806297959,-0.707852378,-0.803093716,-0.587384599,-0.741922491,-0.668078878,-0.15591613,-0.461174186,-0.455900871,-0.316621424,-0.026779636,-0.305944101,-0.420749615,-0.463670648,0.015757486,-0.12871939,0.251121632,music
32,-0.318950269,0.107772401,0.878263789,-0.066778586,-0.024583642,-0.075716842,-0.209808613,0.293886738,0.091632033,0.440090774,0.03378839,0.675733439,0.54111347,0.044435185,-0.100168478,-0.595314726,-0.155990977,0.073077532,-0.300575941,0.163220381,0.513819601,0.109077202,-0.656732709,-0.516031978,-0.770941228,-0.511743582,-0.621307167,-0.747798907,-0.776041582,-0.81149833,-0.650470427,-0.744463331,-0.791547705,-0.551610868,-0.67186521,-0.650604357,-0.420686216,-0.563619017,-0.683403497,-0.821545482,-0.761334989,-0.818541466,-0.324036839,-0.613036916,music
33,-0.560536033,-0.2666451,0.481207176,0.064502007,-0.508033719,0.65013155,0.245005442,-0.497744865,-0.4469451,-0.325714045,-0.579156745,0.348656539,-0.171853804,-0.2622014,0.130027839,-0.205615018,0.558098999,0.614125267,1,1,0.625405681,0.385453603,-0.908220609,-0.962278842,-0.922398604,-0.975861942,-0.884190756,-0.892358038,-0.93502743,-0.808486565,-0.846881532,-0.794451502,-0.874327623,-0.777488118,-0.785719289,-0.64305061,-0.595056284,-0.68597802,-0.800268539,-0.779440771,-0.833886704,-0.649024384,-0.702799207,-0.720940309,music
34,-0.710653413,-0.332027699,0.726420556,0.230694264,0.209877347,-0.434720084,-0.122039387,0.19065812,0.095800517,0.515727364,-0.014760138,0.011337879,0.252493224,0.001490226,0.04364324,-0.555305289,-0.139906007,-0.346113122,-0.163130471,0.416837402,0.383061994,-0.052100987,-0.960655167,-0.805641739,-0.655612546,-0.706893089,-0.539790597,-0.612975487,-0.592860377,-0.734543038,-0.534660961,-0.734729095,-0.677966386,-0.332143092,-0.626055231,-0.351017823,0.089826286,0.239496673,-0.023273956,-0.074478362,-0.136789836,-0.130355813,-0.086417701,-0.195963231,music
35,-0.894857718,-0.802613048,-0.388029897,0.298305705,0.395510589,0.113187379,0.500145954,0.318613931,0.148451831,0.126218912,-0.145329088,-0.222540267,-0.268182402,-0.961291985,-0.414524084,-0.76981808,-0.314458879,-0.448017077,0.021640424,0.258664143,0.598050195,0.547311924,-0.995067692,-0.982255762,-0.78725132,-0.81315166,-0.671561988,-0.876999822,-0.938920092,-0.892556989,-0.851660369,-0.868091588,-0.787427146,-0.825800793,-0.689724554,-0.515440181,-0.402874996,-0.100322311,0.154131075,0.070162055,-0.042236273,-0.137377554,-0.367725136,-0.289931012,music
36,-0.526848523,-0.117015634,0.580366783,-0.024031915,-0.129004493,0.226244321,-0.005926633,0.47110606,0.117627759,0.281185387,-0.111673542,0.274755373,0.130910367,-0.205436707,-0.171477023,-0.43729039,-0.095025978,-0.10986322,0.0682156,0.001659123,0.207441561,0.004787122,-0.640356781,-0.555363441,-0.595408888,-0.470717503,0.423475441,-0.546146556,-0.724844555,-0.72361629,-0.516986589,-0.33916495,-0.61177959,-0.634258045,-0.523600393,-0.438791582,-0.034664456,0.008390804,-0.36997949,-0.484674512,-0.573118325,-0.415798594,-0.30141622,-0.206656977,music
37,-0.73911998,-0.343850756,0.659944973,0.254893489,0.041659927,0.064775196,-0.044704218,0.203858338,-0.082707976,0.21481725,-0.108024612,0.183972054,-0.075876261,-0.283094051,-0.234594079,-0.497391852,-0.262863112,-0.055138224,-0.037720732,0.097796004,0.232697149,-0.050752261,-0.965981987,-0.881087574,-0.64658183,-0.835643297,-0.902268488,-0.907997798,-0.92335522,-0.91291523,-0.869089555,-0.89389152,-0.887176107,-0.881794125,-0.793539145,-0.867834002,-0.75880041,-0.80378449,-0.819175527,-0.867042626,-0.8465651,-0.804824066,-0.738286478,-0.866381322,music
38,-0.670799403,0.09650482,0.377224126,-0.21258829,0.321138425,0.176296088,0.41193306,0.519076584,0.339419713,0.661758909,-0.134933567,0.240242826,0.178775986,-0.280696293,-0.249061515,-0.402902987,-0.100997421,0.237822471,0.029478984,0.123194422,0.259878947,-0.047974053,-0.900732586,-0.673995139,-0.760774084,-0.833426225,-0.753044818,-0.81549646,-0.915675858,-0.902228008,-0.81733548,-0.815472426,-0.839536827,-0.783057696,-0.707908449,-0.812454702,-0.468028149,-0.521492939,-0.630272032,-0.786950414,-0.728399359,-0.733970102,-0.796395132,-0.793424332,music
39,-0.836135361,-0.69391213,0.325646325,0.634600188,-0.243339536,0.588822264,0.454590008,0.20617963,0.455706742,-0.205795093,-0.137608472,-0.251132038,-0.250276334,-0.575758169,-0.160497951,-0.730426742,-0.341834388,-0.355777337,0.001314478,0.010597951,0.270309203,-0.165553733,-0.970522684,-0.948404459,-0.788576652,-0.888503569,-0.555179009,-0.529874386,-0.725739082,-0.823141837,-0.769321275,-0.746985994,-0.805332167,-0.735478426,-0.676109973,-0.679840335,-0.699096768,-0.749410713,-0.634173727,-0.684810322,-0.775796892,-0.72174329,-0.730801609,-0.768341458,music
40,-0.185441274,-0.12628868,0.700815727,-0.007546657,-0.893486058,-0.002142416,0.263039743,-0.567326788,-0.482666219,-0.364825373,-0.433859014,0.79377605,0.119699211,-0.478707823,-0.471636482,-0.523978831,0.547560195,0.422211519,0.553145981,0.452173167,0.617903664,0.552356042,-0.932646105,-0.976178562,-0.776305222,-0.916403279,-0.677040541,-0.865024833,-0.889161977,-0.531963922,-0.736578909,-0.530070287,-0.453918558,-0.176697296,0.182347882,0.216954505,0.363928291,0.244852894,0.512348894,-0.351729743,-0.505350147,-0.421984142,-0.04302125,-0.061061205,music
41,-0.70003016,-0.188742884,0.590595101,-0.001950927,-0.000270077,0.570785427,0.410750699,0.405271099,0.049122157,0.523846562,-0.085144628,0.621359829,0.276680098,-0.143217554,-0.085676417,-0.535549833,0.381414417,0.134601672,0.303098874,0.173541441,0.337245181,0.165427108,-0.890610167,-0.691502082,-0.413451862,-0.714890308,-0.548062556,-0.725726396,-0.533441001,-0.726006813,-0.458548286,-0.725708423,-0.757744236,-0.520463105,-0.465029255,-0.618155235,-0.350032705,-0.426842224,-0.394283179,-0.294399749,0.0233757,-0.368669106,-0.345240916,0.206268269,music
42,-0.70871339,-0.411776486,0.500658661,0.156383931,0.004425621,0.528431792,0.017017382,0.386236304,0.006689859,0.043980658,-0.185582599,0.12652184,-0.10440223,-0.147185327,-0.451173234,-0.645845199,-0.054957668,0.035303109,0.187595312,0.138247012,0.245855727,-0.011049072,-0.881848406,-0.839989573,-0.58838938,-0.722045043,-0.196199407,-0.785428189,-0.868445632,-0.832050874,-0.720880301,-0.747468959,-0.800351331,-0.541290634,-0.529655879,-0.597558579,-0.268747864,-0.44395167,0.285799715,1,1,0.328920241,0.111943297,0.282731165,music
43,-0.628432739,0.074177133,0.87970161,-0.244900513,0.202911059,0.315713984,0.166542663,0.706609389,-0.0056571,0.477283196,-0.065294357,0.884331078,0.402851677,0.075090102,0.12202738,-0.202030392,0.37148358,0.050653092,-0.322082418,-0.294223195,0.198262141,-0.220390939,-0.826426204,-0.414773888,-0.612238492,-0.562930696,-0.287011792,-0.441790864,-0.580312776,-0.49119954,-0.410249967,-0.676903313,-0.661262251,-0.490931492,-0.261553057,-0.313552971,0.020988585,-0.005326692,-0.187532416,-0.102755794,-0.337163756,-0.381034997,-0.225143296,-0.053800435,music
44,-0.609083462,-0.537649657,0.336537284,0.547652674,-0.446437687,-0.163886952,0.002441196,-0.234879926,0.011123845,-0.205932968,-0.098364216,-0.323605388,-0.702238923,-0.917510393,-0.282638395,-0.638716026,-0.234822127,-0.439477487,-0.051860651,-0.290992941,-0.003973314,-0.560832919,-0.957710924,-0.960946247,-0.831736291,-0.868429161,-0.715215714,-0.786459104,-0.86561028,-0.828186005,-0.605769007,-0.646995532,-0.556223744,-0.385387704,-0.198988485,0.068507351,0.091693469,0.108155796,-0.166322849,-0.316161119,-0.506502363,-0.427736957,0.53021496,-0.039383555,music
45,-0.729939517,-0.645340615,0.372760309,0.626155826,-0.426753843,-0.15475125,0.169410252,-0.227377043,-0.376016749,-0.579035636,-0.369958968,-0.11018376,-0.250966516,-0.863884616,-0.398535066,-0.946711221,-0.497460922,-0.437140124,-0.195931561,-0.280633267,0.096204262,-0.24350685,-0.978449772,-0.975818026,-0.383002639,-0.764439418,-0.397351487,-0.658684188,-0.785687118,-0.707580753,-0.647444625,-0.741197628,-0.638512185,-0.18359078,-0.132047668,0.01519149,0.736963567,0.648817441,0.085361285,-0.220837136,-0.13646356,-0.095693499,-0.079060409,0.33984559,music
46,-0.530640941,-0.181709882,0.603044937,0.161259405,-0.071311239,0.118287274,-0.254605617,0.279102308,-0.69041791,-0.131610665,-0.596889761,-0.165510186,-0.447245394,-0.538055126,-0.400081422,-0.818408142,-0.627205462,-0.650484233,0.245834148,-0.172108094,0.216128101,0.40550033,-0.577870465,-0.175846876,-0.560508532,-0.17948125,-0.275211876,-0.789284121,-0.681459161,-0.78747203,-0.74025636,-0.724024108,-0.605249516,-0.585996412,-0.689163093,-0.72174084,-0.409770253,-0.48201798,-0.263847105,-0.527989714,-0.463471745,0.193140378,-0.27962726,-0.249755501,music
47,-0.70227382,-0.362702427,0.073603981,0.186810632,-0.145817777,0.011075887,0.109239972,0.280401121,0.060228952,-0.011964938,-0.178466967,-0.033891459,0.332344782,-0.360090503,-0.210306725,-0.636098503,-0.186235164,-0.198254851,0.056862512,-0.082302178,0.255055093,0.076874748,-0.956706864,-0.898399581,-0.694061759,-0.91555926,-0.833430313,-0.842014407,-0.913787484,-0.894689671,-0.912775855,-0.922438001,-0.932750406,-0.871406463,-0.748789999,-0.772754473,-0.732137534,-0.841489467,-0.799557505,-0.841961502,-0.821630675,-0.719819506,-0.633637054,-0.521740893,music
48,0.099953945,0.124714691,0.955587936,-0.279485672,-1,0.39804563,0.314600111,-1,-0.37507435,-0.616115677,-0.650892032,0.275863535,-0.305266685,-0.132840707,-0.295757341,-0.558554106,0.580294653,0.423638234,0.846015081,0.30986118,1,-0.562280104,-0.968202503,-0.978836215,-0.971664707,-0.933540219,-0.863413681,-0.89643409,-0.935013884,-0.926015649,-0.875430217,-0.912458034,-0.883323091,-0.850407382,-0.879090627,-0.876028327,-0.846022583,-0.845294843,-0.883570335,-0.851776469,-0.748140132,-0.73245424,-0.875154658,-0.814814237,music
49,-0.453824615,0.061901851,0.457517424,-0.144212444,-0.109886517,0.137395264,0.023892431,0.481314852,-0.02975204,0.285061606,-0.172285773,0.329251395,0.280681192,-0.270573017,-0.177797599,-0.547790432,-0.235490142,0.072642808,0.18115741,-0.001488121,0.320186817,0.251178968,-0.890285615,-0.810377658,-0.865657103,-0.795261385,-0.704320902,-0.8211799,-0.903976556,-0.902316355,-0.705741468,-0.841412392,-0.864898049,-0.63196123,-0.482834745,-0.460572767,-0.248081738,-0.206020371,-0.38736174,-0.478021075,-0.469372469,-0.444718268,-0.37205814,-0.166201148,music
50,-0.694150996,-0.283173316,0.391390558,0.090979589,0.031276207,0.237185153,0.286375097,0.54597927,0.168850585,0.16611728,0.294852944,0.305313991,0.322334666,-0.367009058,-0.292703294,-0.623077732,-0.219139477,0.121598562,0.562771906,0.627174569,0.275569644,-0.140347391,-0.784518466,-0.539536203,0.023918987,-0.596150866,-0.466711601,-0.638316586,-0.548257257,-0.622619455,-0.533796297,-0.511753874,-0.573478381,-0.455661357,-0.22391188,-0.49815365,-0.116956866,0.160818292,0.273316,0.437153388,0.100062165,0.38203048,0.599029738,0.158765588,music
51,-0.437976345,-0.187666503,0.76677349,0.034445256,-0.492842851,-0.226650114,-0.071818338,0.40499399,0.392302221,0.226803481,-0.345608707,-0.287260561,0.096957537,-0.42781129,-0.082802308,-0.457072068,0.361156932,0.058166237,0.135980317,-0.131090438,0.153421374,-0.296934054,-0.884526675,-0.800420936,0.47104631,-0.717691708,-0.378535948,-0.471007007,-0.721406544,-0.706253317,-0.594036896,-0.379103421,-0.487375915,-0.398504317,-0.273331321,-0.186546993,0.053233715,0.41025766,-0.125018606,-0.088988719,0.216857371,0.428814489,-0.165384419,-0.037415995,music
52,-0.844539408,-0.747289829,-0.260267608,0.350442035,0.034002734,-0.593779827,0.370938617,0.114886954,-0.242679489,-0.379519637,-0.452602639,-0.253785623,0.150690292,-0.67317744,-0.350243468,-0.718285724,-0.186380289,-0.35325855,0.058523281,-0.043467798,0.202360937,-0.064052996,-0.9779232,-0.990351926,-0.747945301,-0.760510182,-0.531560194,-0.880133557,-0.863852137,-0.691856928,-0.720571132,-0.75887803,-0.790418701,-0.657596297,-0.625068896,-0.398280258,-0.181181289,-0.409435017,-0.515637814,-0.580167371,-0.477472854,-0.414830314,-0.684822231,-0.586881582,music
53,-0.608977494,-0.281719765,0.376031482,0.155132268,-0.356228605,-0.143997676,0.376120365,0.473608868,0.089997655,0.256485308,0.02576,0.407313578,0.192208835,-0.317359,-0.217069052,-0.774532565,-0.421394203,-0.055867037,0.111516415,0.272902932,0.264881965,-0.055918615,-0.907545721,-0.840820554,-0.690859999,-0.71714384,-0.146380932,-0.822391967,-0.904354302,-0.870363436,-0.716159351,-0.837844676,-0.827221359,-0.724341149,-0.500224214,-0.398801334,0.136984728,0.107879771,-0.041316415,-0.010135483,0.175329671,0.291497438,-0.050145287,0.21285473,music
54,-0.548184693,-0.182183564,0.518786375,0.063313082,-0.282400313,0.477711539,0.113748693,0.312006191,0.401419139,0.365934886,-0.267481407,0.420400848,0.638723639,-0.357481622,-0.132572978,-0.546189327,-0.038073334,-0.292544178,-0.389839997,-0.036368905,0.117573857,-0.32898708,-0.895544005,-0.788651475,-0.741714605,-0.720682687,-0.582602472,-0.821610411,-0.724054854,-0.81059982,-0.543937411,-0.714107619,-0.747231868,-0.593242446,-0.526346072,-0.673573344,-0.558878309,-0.462632778,-0.649861157,-0.645700413,-0.711657761,-0.729589842,-0.735248392,-0.708597327,music
55,-0.666752256,-0.489443999,0.379403369,0.485816164,-0.461499104,-0.063652357,-0.026324746,-0.491205898,0.309297821,0.004030411,-0.915486397,-0.118206545,0.080722849,-1,-0.108237921,-0.460122219,-0.340050491,-0.459298286,0.26651097,-0.089506691,0.064061069,0.013438466,-0.947686633,-0.925036196,-0.692943953,-0.747021749,-0.1219289,-0.687039845,-0.424514918,-0.540789206,0.02548032,-0.398195107,-0.198091193,-0.509650697,0.159241048,0.392463845,0.561123319,1,1,0.78770617,0.707025742,0.642160585,0.422503364,0.889934351,music
56,-0.673805215,-0.555380662,0.255909839,0.505299612,-0.237067377,-0.268634642,0.19831288,0.053722265,-0.068914152,-0.194789404,-0.509594005,-0.1739977,0.038535961,-0.477707959,-0.12762667,-0.67662281,-0.014205309,0.06904865,0.133640688,-0.080697935,0.174942858,-0.135562627,-0.92719787,-0.860542416,-0.19331067,-0.760100622,-0.434394769,-0.698183661,-0.775608395,-0.644274758,-0.841179926,-0.73345149,-0.803379585,-0.787533601,-0.338520991,-0.459005359,-0.302488937,-0.564282345,-0.754127154,-0.547638479,-0.673047667,-0.584384123,-0.609459243,-0.283149027,music
57,-0.675292837,-0.46451066,0.682882037,0.431107855,-0.320587632,0.365816675,0.039952602,0.509929761,0.15234004,0.354292826,0.061865815,0.112158977,0.088471589,-0.578774572,-0.314731583,-0.751905137,-0.396086065,-0.323383302,-0.249290182,-0.037727342,0.207666199,-0.070216624,-0.936814642,-0.881769387,-0.742585578,-0.746308428,-0.770475064,-0.57853738,-0.597636443,-0.77421703,-0.453411672,-0.718677824,-0.654379733,-0.641749273,-0.422427408,-0.507836701,-0.137215112,-0.083562922,-0.497741324,-0.391047277,-0.480234623,-0.269591306,-0.21496372,-0.168414262,music
58,-0.864173983,-0.724951355,-0.203161606,0.453319106,0.399564253,-0.154653667,0.052151549,-0.109645166,-0.226657046,-0.04113042,-0.404472617,-0.491183479,-0.309983418,-0.770946676,-0.520801221,-0.856059449,-0.399934003,-1,-0.371414604,-0.109992948,0.127272729,-0.248307075,-0.923372577,-0.806291138,-0.780382058,-0.622602566,-0.531458384,-0.372991274,-0.542988772,-0.540605497,-0.570111747,-0.427861731,-0.538190906,-0.463926185,-0.557393691,-0.491533636,-0.336710113,-0.304163853,-0.276075489,-0.306468079,-0.376725804,-0.555112791,-0.58593294,-0.430809339,music
59,-0.617884887,-0.364068995,0.342265479,0.106566587,-0.441381431,0.461522007,0.621594339,-0.065504506,-0.174139518,0.893720419,0.177222763,0.251200179,0.424604995,0.111643473,-0.137116677,-0.205991393,1,1,0.6589051,0.415447013,0.626551094,0.811751376,-0.771439297,-0.886772016,-0.785222158,-0.912241931,-0.237329907,-0.707322136,-0.572862054,0.504900615,-0.540254636,-0.400500618,-0.656635096,-0.341405916,-0.679901022,-0.568374898,-0.3000998,-0.416217948,-0.300383312,-0.137237743,-0.652076526,-0.589038801,-0.458010369,-0.62536985,music
60,-0.559453941,-0.335647334,0.614683966,0.252813908,-0.621859094,0.194346892,0.374502379,-0.528389821,-0.78586591,-0.489651677,-0.833485748,-0.428543821,-0.600452692,-0.139370714,-0.330273497,-0.608313976,0.600762229,0.393971123,0.630878929,0.747461222,0.491430431,0.226928299,-0.937275032,-0.983016808,-0.912417828,-0.974203276,-0.809158511,-0.93765438,-0.951476935,-0.803848021,-0.856832881,-0.857297975,-0.789747312,-0.828165067,-0.772906751,-0.782790114,-0.67020093,-0.710619339,-0.731810433,-0.798306617,-0.834316003,-0.760896324,-0.784528257,-0.799664143,music
61,-0.528702956,-0.361234025,0.572803365,0.319807544,-0.693943961,-0.577669143,-0.475337914,-0.239920426,-0.553675314,-0.77314867,-0.648185583,-0.658017113,-0.25769837,-0.648585833,-0.364833606,-0.702850007,-0.177349091,0.015878955,0.237228784,0.133165647,0.166111065,-0.065592405,-0.963747542,-0.923002411,-0.685171653,-0.785287503,-0.931859143,-0.947467266,-0.932159405,-0.90408486,-0.848249735,-0.836230854,-0.919287574,-0.748693128,-0.864405393,-0.855070226,-0.783681733,-0.859270176,-0.861718005,-0.872985693,-0.641134259,-0.831767803,-0.846533592,-0.581349486,music
62,-0.66695604,-0.480228373,0.401289982,0.34160181,-0.042930928,-0.130612578,0.1517471,0.258357915,-0.093414674,-0.232905943,-0.332918754,0.023723417,0.088711863,-0.233131523,-0.101080298,-0.64125527,-0.173499605,-0.350566164,-0.153941342,0.048965054,0.106929278,-0.273971504,-0.929547798,-0.727799082,1,-0.749889011,-0.08985157,-0.875504173,-0.843929312,-0.917678714,-0.828755076,-0.627382305,-0.883800537,-0.753206935,-0.633264103,-0.354076521,-0.363503853,-0.551627419,-0.621788735,-0.559478011,-0.688932918,-0.588255293,-0.58975296,-0.268701522,music
63,-0.344677981,-0.00166101,0.958838011,-0.159948647,0.099799145,0.339421265,0.225796144,0.624354142,-0.101072196,0.097760548,-0.128877637,-0.215311422,-0.250457184,-0.474724322,-0.231965352,-0.844304748,-0.342846457,-0.003775043,-0.034609049,-0.51248349,-0.001324385,0.190645058,-0.733954964,-0.794035309,-0.643649983,-0.713272968,-0.701864277,-0.715309328,-0.266262827,-0.669190889,-0.456820827,-0.148737176,-0.270473574,-0.18040997,0.161189904,-0.158791223,1,-0.278603334,-0.314509117,-0.410032296,-0.532175878,-0.032054226,-0.25542785,-0.117568826,music
64,-0.72240359,-0.141297067,0.141683026,-0.062505848,-0.210312243,0.343416419,0.390445486,0.349233559,0.136748159,-0.088201737,-0.643271146,0.254811707,0.184790005,-0.541006434,-0.274099827,-0.674620192,-0.215344636,0.027842464,-0.23923461,-0.060478303,0.148148712,-0.137718194,-0.673618702,-0.482024882,-0.299719817,-0.189880828,-0.207051519,-0.146387673,-0.327281691,0.027646777,-0.455940518,-0.013237213,0.116875999,-0.458611426,-0.123872757,-0.403098909,-0.445252257,-0.364299292,-0.472042467,-0.67881395,-0.666484839,-0.624930131,-0.821296606,-0.734814165,other
65,-0.667687624,-0.409381963,0.223390301,0.314824409,-0.575676709,-0.043421039,0.593888872,-0.262962247,-0.200110036,0.626607898,-0.196314279,0.338609563,0.672544843,-0.751591762,-0.089954591,-0.479918898,-0.413905056,-0.255734052,-0.008139761,-0.546226237,0.163109563,-0.160979949,-0.840653821,-0.838922045,-0.323018632,-0.350473783,0.145379464,-0.237334674,-0.255102042,0.201300461,0.084523444,-0.026796462,-0.286030004,-0.566816557,-0.478196538,-0.323259686,-0.420793875,-0.592479189,-0.499412822,-0.53385548,-0.551516419,-0.555514627,-0.641235383,-0.585413499,other
66,-0.624102332,-0.136545821,0.112510137,-0.158632767,-0.249441597,0.595831257,0.218054396,0.172583992,0.163651569,0.083166967,0.019946129,0.23491155,0.399721798,-0.21174471,-0.045511833,-0.561505982,-0.084483546,0.140849315,-0.671192288,-0.281939653,0.270254782,-0.609467203,-0.507459344,-0.291533148,0.198331832,-0.107431528,0.588864661,-0.018510848,0.060431016,0.247409637,0.625477453,0.256145283,-0.085060078,0.25636142,0.463105973,-0.243105972,0.28617027,0.149050321,-0.028883804,-0.224601883,-0.145766955,-0.158165409,-0.433368937,-0.33754387,other
67,-0.230487696,0.169185723,0.122303513,-0.174252085,-0.193191205,-0.138811666,0.039201626,0.244437403,-0.532731164,-0.193049237,-0.137232825,-0.130196756,-0.224971427,-0.33722604,-0.381037009,-0.543643308,-0.258815837,-0.081321082,0.10001178,0.099340873,0.182876902,0.16017659,-0.500869019,-0.461736141,-0.689758254,-0.616609546,-0.427449605,-0.400119739,-0.627651145,-0.425099033,-0.209406308,-0.639867541,-0.674103827,-0.37980293,-0.634549551,-0.63346813,-0.58966599,-0.587468689,-0.774169194,-0.760979325,-0.79161935,-0.762885338,-0.788331121,-0.780732953,other
68,0.11425142,0.29538409,-0.79362335,-0.731647706,-0.132700112,0.366640163,0.254340359,0.057065744,0.308072421,0.398850329,-0.00895845,0.177324222,0.460726156,-0.432545666,-0.115740389,-0.578923373,-0.143072288,-0.273945036,0.095845229,-0.090082827,0.191554961,-0.172340124,-0.223303631,-0.624314026,-0.824663235,-0.645850532,-0.057481464,0.683547077,0.313136591,0.310444126,0.719686184,0.341769394,0.48404335,0.554754433,0.674592042,0.655603069,0.67658999,0.041440084,-0.251695656,-0.54425531,-0.531596489,-0.347372371,-0.404232124,-0.345169339,other
69,-0.273871241,0.135291134,0.280098462,-0.213771864,-0.253068817,0.007230843,-0.25005525,-0.037613754,-0.430495087,-0.222183853,-0.151374623,-0.132168203,0.166153628,-0.165798042,-0.434810092,-0.500607936,-0.04322699,-0.472390353,-0.132919728,-0.015805057,0.094466803,0.062509303,0.198212715,-0.00255476,-0.551367564,-0.235948538,0.062075709,-0.070032472,0.057815983,-0.071685945,0.043309537,-0.378761959,-0.448174831,-0.308917798,-0.241544521,-0.271124883,-0.224373808,-0.421942185,-0.586021355,-0.487955496,-0.579824098,-0.498132311,-0.609242697,-0.559320243,other
70,0.245396523,0.370642032,-0.784004014,-0.74934663,-0.17640056,0.371018582,0.243540167,-0.050616631,0.250145683,0.373967924,-0.090278803,0.007747594,0.346071947,-0.470539233,-0.206192344,-0.615668165,-0.155434181,-0.392564016,0.080099674,-0.095874736,0.142798863,-0.17964441,-0.368622562,-0.61440048,-0.845206814,-0.719999735,-0.163332743,0.411786975,0.166911137,0.280885858,1,0.192707134,0.888310426,0.838758831,0.724943578,1,0.551072483,0.148005506,-0.347867067,-0.345031701,-0.527496454,-0.31193835,-0.40274126,-0.253082162,other
71,-0.666218342,-0.24823684,0.157822257,0.118734112,0.083443124,-0.050977593,0.322358492,0.150693774,-0.133996264,0.161670863,-0.796420887,-0.276818354,-0.063136019,-0.423508734,-0.295299111,-0.562046806,-0.20247464,-0.108355613,-0.274015444,0.083115004,0.092564336,-0.216806052,0.100910733,0.583310186,-0.065628546,1,-0.244691577,0.149148958,0.327984448,-0.184637,0.336878665,-0.046283271,0.10533822,0.364416498,-0.12367389,0.25000157,0.119598979,-0.078323336,-0.330013737,-0.29834127,-0.339110458,-0.544784651,-0.404940055,-0.585792637,other
72,-0.697853748,-0.282937823,0.259513408,0.212035565,-0.129810014,0.307595467,0.491307766,-0.036586299,-0.122948853,-0.268073123,-0.576998172,-0.120242628,0.078188526,-0.573930738,-0.341612696,-0.561938266,-0.166228058,0.129983284,-0.212365031,-0.112119936,0.252605388,-0.271740844,-0.38937399,0.050878116,0.219840984,0.728096934,0.164020979,-0.042585906,0.195005053,0.272891603,0.000723101,-0.095780586,0.181245813,0.142166168,-0.136724767,-0.158737112,-0.056544898,-0.206646607,-0.237645298,-0.540223189,-0.226376882,-0.53456128,-0.628218897,-0.471698198,other
73,-0.489107753,-0.270774976,0.646328845,0.263469101,-0.522456296,0.579849335,0.609638579,-0.252050504,-0.094766051,0.679329143,-0.332055928,0.185150597,0.456679603,-0.448829603,-0.114705746,-0.456194906,-0.340643226,0.166930049,0.029695199,-0.318429481,0.251917274,0.008750458,-0.475693015,-0.340551633,-0.008886794,0.4591123,0.352850989,0.444856568,1,0.230075657,0.471255762,0.566054182,0.023479502,-0.001178532,0.145628904,0.335667993,-0.303183956,-0.268008803,-0.44789469,-0.553997293,-0.39308144,-0.415511841,-0.59239756,-0.337771767,other
74,-0.438642718,0.076285385,0.586553566,-0.245970933,-0.283946346,0.651892875,0.346384105,0.392599446,-0.028252614,0.021496405,-0.131923703,0.213539355,0.297380289,-0.26945558,-0.09636975,-0.54324618,-0.255003092,0.164670278,-0.583120085,-0.181290378,0.188866464,-0.488533862,-0.185527961,-0.1069171,0.104285818,0.136435277,0.277004345,-0.033213481,0.107678086,0.053453219,0.209556035,0.500842867,-0.062344557,0.110832774,0.507961744,-0.242787931,-0.024149506,-0.114961661,-0.274188753,-0.281098343,-0.295709917,-0.198627184,-0.522457618,-0.420058205,other
75,-0.479130495,-0.003790983,0.116860502,-0.237067266,-0.209369725,0.511958669,0.266349073,0.266071175,-0.196322166,0.068448375,-0.107592756,-0.172737792,0.6977209,-0.582678487,-0.24396788,-0.398367388,-0.32829895,-0.103050909,-0.283244253,-0.331248455,0.156409349,-0.338945775,-0.061963729,0.144494478,0.298837476,0.539724244,0.714439563,0.729908162,0.527400064,0.208862945,0.343548432,0.318609476,-0.185211191,0.247448643,0.068580093,-0.079687154,-0.112830457,0.12973711,-0.045893511,-0.300795098,-0.486285205,-0.418635464,-0.651604889,-0.620631943,other
76,0.067472836,0.266922568,-0.78784022,-0.730465047,-0.126985037,0.456905976,0.208183311,-0.10752001,0.351280306,0.373066794,-0.264041689,0.033070083,0.480261424,-0.441356283,-0.153394828,-0.547260359,0.031793158,-0.165190189,0.133774145,-0.001058985,0.162580662,-0.205008571,-0.348654311,-0.741904325,-0.802424518,-0.637617519,-0.073151548,1,-0.121917019,0.303754653,0.617244545,0.328599082,0.300259783,0.46690015,0.6206029,0.358618049,0.526746268,-0.080142859,-0.209954897,-0.509888042,-0.531068165,-0.457550667,-0.366862183,-0.349077972,other
77,0.446270348,0.454064257,-0.934122251,-0.904147925,-0.12673663,0.072650068,-0.15320611,-0.066742975,-0.033798481,-0.337403157,-0.346786604,-0.334116754,-0.138122826,-0.564203101,-0.219751636,-0.684462934,0.004335585,-0.106162585,0.139503836,0.067744545,0.302944004,-0.095089512,0.863661403,-0.00875818,-0.897329064,-0.801315482,-0.494423757,0.063810051,-0.576398425,-0.327099325,-0.28978876,-0.38734752,-0.702734073,-0.703898588,-0.58992578,-0.769378641,-0.784616001,-0.788767149,-0.718586603,-0.788589582,-0.904658058,-0.831702875,-0.896314494,-0.920207494,other
78,-0.799637672,-0.426632791,-0.14714427,0.183332647,0.142028441,0.258128109,0.418610705,0.152730799,0.317841777,0.223670765,-0.066605502,0.517286856,0.247839426,-0.339458048,-0.328486661,-0.583726607,0.066646711,-0.280401976,-0.176291467,0.224927402,0.122552712,-0.286727703,-0.461211621,0.091847058,-0.583408114,0.274141507,-0.347335556,-0.060193395,-0.092165109,-0.183562924,-0.334847111,-0.301239031,-0.399815905,-0.258490542,-0.031188873,-0.264638727,-0.12358819,-0.20135355,-0.320022612,-0.355492147,-0.598057275,-0.553079174,-0.513254901,-0.754866122,other
79,-0.236211984,0.152138637,0.188725356,-0.171489849,-0.160047763,-0.027506401,0.012938927,0.131315328,-0.600077844,-0.002488266,-0.241058537,0.020367099,0.092054796,-0.541433231,-0.378505613,-0.57273024,-0.167587302,-0.54051231,0.156461742,0.535826335,0.030715088,0.042368656,-0.213637499,-0.191876191,-0.56906983,-0.377590891,-0.35739813,-0.280746226,-0.575533058,-0.24414789,0.000114933,-0.527209389,-0.57915724,-0.391327172,-0.344930913,-0.539340022,-0.560981058,-0.543936666,-0.683423055,-0.558715941,-0.794776984,-0.725521192,-0.682662213,-0.723164322,other
80,-0.591185125,-0.289477598,0.10369699,0.052295613,-0.498474464,0.005557346,0.509464072,0.122804319,0.042151535,0.3122966,-0.17819477,0.105195904,0.598444228,-0.210842052,-0.077504197,-0.567577101,0.196436714,0.174136286,-0.145069287,-0.191644248,0.310564416,-0.263272445,-0.676669998,-0.633893796,0.159526443,-0.020452293,0.757829722,0.291699742,0.291800007,0.471536874,0.448381282,-0.035635038,-0.064671014,0.20436694,0.439106864,-0.246698761,-0.049515418,-0.069595625,-0.140572889,-0.453107721,-0.316651506,-0.310105024,-0.389953523,-0.157995041,other
81,0.468075221,0.571630073,0.053980287,-0.707548731,-0.754355863,-0.749067883,-0.856181107,-0.02032706,-0.037693407,0.180684248,-0.244380191,0.09652119,-0.014878791,-0.291265951,-0.321231162,-0.538823618,-0.078420953,-0.016286395,-0.294092783,0.182539043,0.150788393,-0.057266928,-0.709938466,-0.851261187,-0.808623798,-0.818148671,-0.812762356,-0.609441419,-0.662365892,-0.765588867,-0.685469845,-0.670749277,-0.722435692,-0.679047372,-0.473935538,-0.547111396,-0.589410025,-0.62268515,-0.712205443,-0.810718927,-0.815174793,-0.847895218,-0.895179382,-0.819904588,other
82,-0.111263949,0.289951571,0.224954352,-0.62434429,-0.416624632,-0.227265501,0.009546038,-0.260078766,0.138373176,0.798889325,-0.312386977,-0.928634251,-0.834584927,0.264580043,1,1,0.792902156,0.836620484,0.197342449,-1,-1,1,-0.704822342,-0.534637298,-0.380985973,-0.789217926,-0.833948507,-0.615533923,-0.443872247,-0.48078636,0.146895542,-0.561792006,-0.847360548,0.073824385,0.64330937,0.601577611,0.269708039,-0.170455025,-0.362336704,-0.545768515,-0.529389838,-0.67427564,-0.477519834,-0.160182404,other
83,-0.612963506,-0.303008468,-0.161615073,-0.003900948,-0.358210726,-0.231722916,0.561673631,-0.08560946,-0.250371906,0.537679459,-0.119728938,-0.088786874,0.487447034,-0.598396208,-0.168840327,-0.534585114,-0.228261861,-0.246136239,0.103044517,-0.08503936,0.237652071,-0.080761425,-0.693908741,-0.475727177,-0.155139836,0.025765194,0.308538988,0.054706885,-0.428933501,0.287880311,0.157641955,-0.441075751,-0.175465147,-0.192550934,-0.328513591,-0.243024489,-0.268691078,-0.503607815,-0.508882786,-0.490104722,-0.527092474,-0.303065163,-0.365828817,-0.332909795,other
84,0.36427995,0.411372921,-0.722854486,-0.822300494,-0.234033907,0.701754096,0.143024427,-0.098397481,0.412820807,0.437804264,-0.100830556,0.081764408,0.536086872,-0.437837979,-0.221499137,-0.556679338,-0.079304944,-0.498394486,0.166297775,-0.059563425,0.113180929,-0.171679906,-0.424096982,-0.67106689,-0.798461518,-0.652512286,0.110105937,0.682154616,0.247100222,0.591187771,0.815682999,0.647205615,1,1,0.862552666,0.946471481,0.913685933,0.185527316,-0.234465276,-0.330899016,-0.429973481,-0.154956763,-0.313921721,-0.040534257,other
85,0.216844366,0.334650667,-0.792947412,-0.735027737,-0.156356383,0.337138304,0.225729389,0.026258595,0.249280978,0.386024101,0.030628636,-0.025120569,0.444733167,-0.340973303,-0.221995593,-0.60415889,-0.082516365,-0.424589934,0.108855206,-0.1030673,0.150424722,-0.186417585,-0.290755852,-0.667427749,-0.86470189,-0.779083358,-0.139046285,0.358364832,0.032869467,0.217323573,0.656444207,0.330634677,0.41763231,0.539176589,0.643942777,0.544609487,0.40890329,-0.048457278,-0.288962455,-0.459083656,-0.547081371,-0.322995917,-0.360858676,-0.273128946,other
86,-0.252565639,0.027796848,0.293012857,-0.103625625,-0.524161171,-0.119890662,0.038670618,0.025709943,-0.580037589,-0.156720221,-0.257814431,0.058815992,-0.536626523,-0.114449579,-0.223584728,-0.576489184,0.653282316,0.35386212,0.258393289,0.434096177,0.368042813,0.161647749,-0.717400389,-0.752476054,-0.801234411,-0.776406946,-0.63421393,-0.624037652,-0.754633263,-0.007269922,-0.188428386,-0.540628144,-0.589290274,-0.487060898,-0.73025824,-0.723096536,-0.565452445,-0.573484861,-0.527352701,-0.501924772,-0.691065864,-0.744702911,-0.697936127,-0.706907027,other
87,-0.176368816,0.08268754,0.637400653,-0.210760154,-0.657137712,0.011463826,0.213213703,-0.466196004,-0.696325337,-0.344808916,-0.536192841,-0.286804523,-0.493692228,-0.213025129,-0.267443961,-0.533214879,0.836483463,-0.070573558,0.693658649,0.265991618,0.503628972,-0.162870953,-0.70736088,-0.717573229,-0.720718281,-0.691006793,-0.588607832,-0.507192769,-0.622982365,-0.368391616,-0.170490522,-0.439249149,-0.638923697,-0.214646353,-0.483873233,-0.603384911,-0.560619089,-0.423570225,-0.486836518,-0.477573804,-0.522523491,-0.502700666,-0.563975991,-0.601873537,other
88,-1,-1,-0.33621898,0.72961451,1,0.482920077,0.206008158,0.182829089,0.234672288,0.294227261,0.083665248,0.443765557,0.936034964,0.105232293,0.080197924,-0.518880077,0.179212572,0.294287364,0.460184653,0.190370733,0.349736265,0.211424078,-0.999698509,-1,-1,-0.988476601,-0.997872332,-1,-1,-1,-1,-1,-1,-1,-1,-1,-1,-1,-1,-1,-1,-1,-1,-1,other
89,-0.153485927,0.226989548,0.170408794,-0.160296206,-0.200189173,-0.356339624,0.087804721,0.084930217,-0.388407,-0.088100334,-0.522755624,0.192943361,-0.219855394,-0.373780574,-0.263475125,-0.55587801,-0.199040201,0.185407269,-0.042194687,0.308693856,0.316806958,0.181259182,-0.461104589,-0.392472565,-0.376733991,-0.551020631,-0.219297211,-0.678333399,-0.577506238,-0.140297118,-0.302689532,-0.512896386,-0.07246906,-0.543295803,-0.212151786,-0.632558614,-0.401650054,-0.612176233,-0.631833936,-0.630529693,-0.489663332,-0.632209402,-0.839149152,-0.733634884,other
90,-0.223632407,0.071192916,0.5818802,-0.191133416,-0.640592842,0.012828951,0.143670352,-0.322349084,-0.610500804,-0.357718023,-0.327034151,-0.242924319,-0.477136405,-0.207728349,-0.220915439,-0.476678204,0.646216581,-0.042706951,0.555104835,0.201258726,0.393698458,-0.132192453,-0.651044586,-0.713206256,-0.513301932,-0.74512788,-0.349526593,-0.631611407,-0.560564686,0.193813038,-0.258446519,-0.42505678,-0.332702236,-0.377778811,-0.540527564,-0.538172334,-0.294860519,-0.490985798,-0.52933147,-0.368904547,-0.620806466,-0.673345921,-0.522366841,-0.40721278,other
91,0.309321481,0.364687026,-0.795799568,-0.75167249,-0.15571918,0.472788439,0.126174199,-0.13900907,0.571638459,0.440632807,-0.359516395,0.321106419,0.63948253,-0.565342272,-0.185072598,-0.578617835,-0.173931874,-0.32643222,0.077331958,-0.218300059,0.208904521,-0.230883453,-0.372821388,-0.675322997,-0.902601345,-0.826242647,-0.445839901,0.282376814,-0.474939051,0.09061849,0.469819523,0.098626479,0.194537028,0.997176268,0.514549425,0.587778014,0.65333996,-0.056231503,-0.327885282,-0.405666414,-0.561155448,-0.344888832,-0.405372084,-0.404245254,other
92,-0.179649736,0.039405005,0.410029724,-0.113025775,-0.623735751,-0.081825227,0.089594165,-0.168669804,-0.673175022,-0.068847331,-0.501641582,-0.073994592,-0.308272032,-0.052524039,-0.071100406,-0.521846502,0.600684852,0.317332663,0.14819402,0.167221307,0.371051302,0.125363844,-0.811018497,-0.817600949,-0.802046581,-0.762758727,-0.729322928,-0.701677216,-0.627490235,-0.166356188,-0.334773795,-0.553295789,-0.669328256,-0.612945881,-0.595256622,-0.485193327,-0.222653778,-0.58067785,-0.609765555,-0.689896966,-0.761370269,-0.600534722,-0.745744475,-0.782721734,other
93,-0.228005608,0.229803887,0.04333327,-0.160504136,-0.077749983,-0.224613949,0.171609466,0.373214858,-0.470145611,0.2870984,-0.319660652,0.357513276,-0.195422905,-0.387874837,-0.298642931,-0.725114423,-0.147905246,0.13551991,-0.319782706,0.525675416,0.259654965,-0.164149724,-0.356211787,-0.429458087,-0.506582471,-0.626488741,-0.576572251,-0.558221982,-0.622804537,-0.564854135,0.128762111,-0.538442103,-0.40964908,-0.551571716,-0.490270282,-0.751060469,-0.500257843,-0.643039299,-0.760263691,-0.451605059,-0.222691157,-0.736865675,-0.834512695,-0.578403526,other
94,-0.05574915,0.311332518,0.374382799,-0.266363978,-0.206216671,-0.480272513,-0.0663727,-0.10071137,-0.347856147,0.04528788,-0.467790297,0.564958056,-0.174104642,-0.286221566,-0.48275373,-0.587617834,-0.354824437,-0.228125644,-0.173656986,-0.031873263,0.126210062,0.111914872,1,1,-0.141024396,0.111177919,0.642123122,0.285824471,0.326224795,0.340902341,0.271141175,-0.130018826,-0.163973087,-0.105693991,-0.356040744,-0.334041208,-0.237776893,-0.349253659,-0.169108168,-0.458482175,-0.520869047,-0.233494482,-0.368283062,-0.339319126,other
95,-0.302148289,-0.035762341,0.375311119,-0.051248975,-0.613502063,0.087846709,0.083200398,-0.268586547,-0.440526804,-0.292645004,-0.449165595,0.518647939,0.005268725,-0.153168639,-0.068821407,-0.371037164,0.692882871,0.527776259,0.425143272,0.801479446,0.607675239,0.10195364,-0.81759933,-0.885292583,-0.891159956,-0.871554715,-0.716944422,-0.671993766,-0.757379468,-0.624543408,-0.609346132,-0.656495066,-0.484392761,-0.690520274,-0.612818785,-0.686870837,-0.519557437,-0.609742566,-0.523698346,-0.599667523,-0.639553908,-0.569793384,-0.689492958,-0.722106093,other
96,-0.304813782,0.077619116,0.442034307,-0.017957939,-0.347699751,-0.031070192,0.034821415,-0.272610804,-0.225628022,-0.351515646,-0.330760951,0.69668202,-0.287053587,-0.214458391,-0.046761143,-0.680095773,-0.115842931,0.293886544,-0.559155358,0.349018398,0.234571959,-0.205132595,-0.039339581,0.080691856,-0.212649976,-0.071708697,0.530088866,-0.318387331,-0.271108094,0.506203031,-0.333613305,0.171989231,-0.243905302,-0.122098742,0.017962653,0.26701439,0.094358569,0.373822911,-0.35442897,-0.514533142,-0.050181986,-0.547862511,-0.722272277,-0.564217899,other
97,-0.975696737,-0.952528553,-0.115991257,0.764105103,0.507862842,0.121207362,0.567367312,0.407898226,0.232443013,0.261662739,0.04990751,0.280988402,0.447533954,-0.417516611,-0.084908014,-0.473528729,0.16986463,0.073381657,0.283715573,0.092486848,0.354383046,0.129889901,-0.993339581,-0.965267189,-0.321101672,0.33099691,0.132609373,-0.224722337,0.021975275,-0.5286925,-0.827631786,-0.900014713,-0.924766701,-0.95208398,-0.897685401,-0.666912826,-0.768071874,-0.882150595,-0.910475882,-0.895489889,-0.928614132,-0.904191186,-0.949262111,-0.953088529,other
98,-0.989602948,-0.977114215,-0.304800687,0.611332176,0.64904435,0.180987283,0.551889574,0.423936194,0.177717024,0.304352534,0.178058672,0.375977588,0.626448572,-0.127218649,0.087019088,-0.382454606,0.189656951,-0.265048817,-0.251680246,-0.713320473,-0.20610677,-1,-1,-0.999354712,-0.984255051,-0.953168598,-0.991953738,-0.996683321,-0.99040657,-0.986885102,-0.978804055,-0.974500953,-0.967780393,-0.95616361,-0.973008174,-0.961712399,-0.934817357,-0.959957582,-0.963500982,-0.956205103,-0.955216059,-0.96099219,-0.966588109,-0.952993066,other
99,0.807430367,0.664610472,0.437081251,-0.416875095,-0.245663227,-0.45279919,-0.975326969,0.599628832,0.474825993,-1,1,-0.474872543,-0.946723572,1,-0.990182487,-0.468268965,0.327664613,-0.600658146,-0.516463036,0.718404135,-0.296126277,0.345588038,-0.891092545,-0.916496747,-0.990222443,-0.921266012,-0.800256954,-0.918332388,-0.771102948,-0.782982327,-0.901210758,-0.505559985,-0.920483973,-0.385499082,-0.780167853,-0.375962655,-0.666123238,-0.656527863,-0.85277731,-0.917260176,-0.829358399,-0.928142086,-0.876833282,-0.898269104,other
100,-0.239419542,0.224503559,0.003700063,-0.158720432,-0.039455373,-0.134840072,0.029904277,0.254215077,-0.350155743,-0.070730469,-0.391685998,0.134545219,-0.294782258,-0.551575817,-0.359464106,-0.697633928,-0.19514317,0.148623405,-0.157220858,0.079508585,0.198350393,0.048621871,-0.489395064,-0.552652892,-0.6751858,-0.680505656,-0.631287688,-0.710325539,-0.611847031,-0.492344733,-0.527228224,-0.625853368,-0.671847057,-0.686584307,-0.559107223,-0.643003519,-0.666155415,-0.693364482,-0.639433749,-0.719811267,-0.599309175,-0.751618885,-0.819998329,-0.791508457,other
101,-0.626580344,-0.326194809,0.202325083,0.211769333,-0.469618714,0.352939137,0.684081496,-0.264823522,-0.070902679,0.561809152,-0.33832276,0.091944199,0.640433081,-0.497270912,-0.068878591,-0.377105518,0.004418248,0.147863218,0.224119036,-0.163091224,0.330257932,-0.123356331,-0.782774729,-0.778019089,0.118229176,-0.257482798,0.624742598,-0.170602655,-0.073424628,0.735101394,0.116598668,0.014679779,-0.003496059,-0.235011623,-0.00244903,0.019881252,-0.095679472,0.184039534,-0.087404862,-0.248392721,0.090017758,-0.097159974,-0.265623668,0.126039565,other
102,-0.488734828,-0.03477996,0.163128091,-0.26845229,-0.291268561,0.614944627,0.332415375,0.342641949,-0.094275925,0.126534145,0.039158656,0.281978497,0.399615819,-0.356984294,-0.177967396,-0.574365785,0.030539326,0.129769064,-0.31797851,0.104208242,0.328830219,-0.46405568,-0.279818397,-0.17226634,0.176296037,-0.010660507,0.44496935,-0.022106996,-0.122865412,0.129268757,0.615761196,0.392849532,-0.188845156,0.158463413,0.396951734,-0.212724628,0.359457956,0.469711301,0.153219762,0.310737395,0.214793626,0.522416796,0.032864841,-0.009478462,other
103,-0.635754693,-0.336314655,0.336147246,0.223615,-0.504811072,0.080526952,0.589940881,0.149483142,-0.222703658,0.020870606,-0.134291815,0.390974531,0.534202973,-0.510057911,-0.102978966,-0.436546565,-0.028254639,0.115688527,0.124181163,0.083068851,0.311229898,-0.157756616,-0.757463631,-0.611590272,0.176977605,0.07411253,0.654692369,0.446750304,0.25688198,0.081426409,0.465073085,0.220598932,-0.305506909,0.043312772,0.176723301,0.126032914,-0.193109733,-0.082661681,0.063903263,-0.30360256,-0.065756844,-0.009898486,-0.394548992,-0.164874512,other
104,-0.66349579,-0.205692997,0.276447204,0.092798219,-0.169122035,-0.056534558,0.03768412,-0.080252183,-0.071745115,-0.231918418,-0.637551056,0.168283637,-0.35430579,-0.763874727,-0.141422734,-0.782980033,-0.17355793,-0.112054108,-0.417163077,0.023072014,0.202717234,-0.185790339,-0.703887405,-0.453357814,-0.038020488,-0.309038347,-0.127023155,-0.099368253,-0.022929542,0.037522863,-0.083654467,-0.479987415,0.038919417,-0.5648593,0.038685473,-0.325479662,-0.232135145,-0.301453293,-0.441568559,-0.523851633,-0.656747562,-0.709542264,-0.740690402,-0.688108661,other
105,-0.156597706,0.220286777,0.366484039,-0.198635158,-0.25678699,-0.262300303,0.076966542,-0.049665239,-0.27118815,-0.005377102,-0.440670238,0.534801475,-0.262064476,-0.439112189,-0.323831797,-0.587804827,-0.169194468,-0.035768743,-0.063121018,0.361261148,0.176582174,-0.021838059,0.003768058,-0.085741295,0.572687009,-0.204312828,0.000239083,-0.114395532,-0.079886002,0.485506281,0.113482732,-0.136959073,-0.097023486,-0.191338286,0.862631533,-0.351182602,-0.152726159,-0.351324871,-0.356352129,-0.644525784,-0.534499533,-0.598170586,-0.660023864,-0.527060084,other
106,-0.921398528,-0.85243373,0.264906022,0.978732706,0.023880229,-0.015085933,0.691313143,-0.025592992,-0.026871969,0.423270886,0.170296787,0.386786641,0.629560623,-0.171332425,-0.073442512,-0.652853274,-0.185137319,-0.302380775,0.082621554,0.12869606,0.414888991,0.012474616,-0.986740794,-0.965518024,-0.719601793,-0.963488333,0.722955679,-0.670941152,-0.754256533,-0.721687012,-0.78034411,-0.875772948,-0.945867446,-0.925723695,-0.953404438,-0.874758392,-0.83228086,-0.830960346,-0.828450183,-0.768946349,-0.81712365,-0.607771156,-0.770221041,-0.702971608,other
107,0.747169442,0.628261141,0.334463134,-0.413208931,-0.280419117,-0.610499159,-1,0.599958426,0.513809678,-0.968375295,0.962959928,-0.46891588,-1,0.87036116,-1,-0.507321653,0.354309247,-0.639579701,-0.458897455,0.695417372,-0.262626561,0.357910987,-0.800584423,-0.867253431,-0.548287104,-0.870288852,-0.78717582,-0.89005729,-0.727212968,-0.744881973,-0.895317726,-0.440374805,-0.817429149,-0.457581011,-0.792745608,-0.112035349,-0.604577397,-0.711269937,-0.816958942,-0.900953164,-0.697819595,-0.901943329,-0.876059257,-0.935588404,other
108,-0.552451927,-0.22847142,0.336390632,0.086491528,-0.503433822,0.373099584,0.45763496,-0.218491874,-0.106957885,0.529786007,-0.195142387,0.192229648,0.454415632,-0.63147385,-0.102150374,-0.398559449,-0.197826174,-0.20698546,0.016138296,-0.279546338,0.243238093,-0.107338695,-0.662100663,-0.560392308,-0.118181594,-0.071300765,0.198365479,-0.139538346,0.158305238,0.742006247,0.105259298,0.401503771,-0.093011573,-0.025574401,0.50958222,-0.025313839,-0.172244429,-0.025195015,-0.424007494,-0.3739583,-0.116724942,-0.548210546,-0.628577539,-0.259107896,other
109,-0.700716912,-0.440233081,0.073334721,0.256356462,-0.543706671,-0.041115632,0.667660172,-0.366872498,-0.208577756,0.711579393,-0.208012063,0.232821764,0.863817852,-0.691845772,-0.13579301,-0.446520593,-0.296929987,-0.088782412,0.233192415,-0.39215149,0.351444192,0.276492082,-0.895801338,-0.93073811,-0.277560067,-0.458105553,0.060847866,-0.250330791,-0.212008228,-0.041005477,-0.004725029,-0.333852533,-0.235285596,-0.455732093,-0.535526184,-0.353968062,-0.198403044,-0.279072883,-0.445624029,-0.473709041,-0.550709351,-0.086538112,0.108214437,0.415724491,other
110,-0.545875822,-0.166333298,0.265074489,0.011621622,-0.433128774,0.379689007,0.450741501,-0.052027597,-0.040550848,0.394023373,-0.229592879,0.121430253,0.332637798,-0.502037906,-0.183957461,-0.631213877,-0.177699713,0.031692716,-0.245053099,-0.261759163,0.281584276,-0.320946551,-0.369881561,-0.326959989,0.28248,0.365237248,1,-0.184033596,0.302016424,0.830206902,0.577080785,0.446069178,-0.052789747,0.028922011,0.380753306,0.06793737,0.021940069,0.003000399,-0.161254233,-0.379382523,-0.14753285,-0.311668787,-0.575977138,-0.352892982,other
111,-0.543039151,-0.145064388,-0.267579201,-0.047426388,-0.145530807,0.094449284,0.267486772,0.35094512,0.362457637,0.289960756,0.061328511,0.420693103,0.486145576,-0.280920072,0.011232973,-0.508038393,0.019385647,-0.199214916,0.209853917,0.038689049,0.270852644,-0.136321171,-0.769477885,-0.81243391,-0.535127359,-0.733316099,-0.336901379,-0.709181545,-0.835927441,-0.772116637,-0.551945504,-0.736742791,-0.801671867,-0.722269146,-0.49706031,-0.644455409,-0.56155649,-0.588925297,-0.773062481,-0.81352691,-0.791561392,-0.767410323,-0.858570562,-0.811514591,other
112,0.690429902,0.814786582,0.698110463,-0.734049664,-0.51378848,-0.932078872,-0.5743288,0.288434326,-0.260977904,0.030492689,-0.25943973,-0.08096981,0.025358983,-0.579914822,-0.312384292,-0.663661889,-0.288943279,-0.24935571,-0.389630194,-0.084257435,0.015532845,-0.095519765,-0.857202326,-0.964446384,-0.997622535,-0.986250248,-0.970547321,-0.956713241,-0.964351751,-0.958333505,-0.951739892,-0.925180404,-0.945306442,-0.93771471,-0.941247402,-0.934762271,-0.93009528,-0.925359423,-0.942159314,-0.944219671,-0.939623813,-0.943907923,-0.954367322,-0.947415285,other
113,-0.514448276,-0.026868487,-0.257731209,-0.278157399,-0.181444981,0.335442959,0.338386997,0.221554679,-0.057759471,-0.06172827,0.077110463,0.107268069,0.643404189,-0.418110794,-0.099291688,-0.479053068,-0.222932403,0.053316571,-0.329718809,-0.281564909,0.20691102,-0.452350126,-0.163270029,-0.004202558,-0.250809298,0.24535745,0.049960239,0.091334313,0.442841065,0.08732695,0.291988892,-0.045714211,-0.25522711,-0.302463034,-0.00041605,-0.219818707,-0.190563419,-0.195151294,-0.195775109,-0.429352811,-0.506906887,-0.519583341,-0.602986417,-0.58440544,other
114,-0.55165717,-0.277386732,0.782585579,0.2351969,-0.546186041,-1,-0.607582089,-0.09342655,-0.754825037,-0.458067884,-0.682302138,-0.61551962,-0.067906401,-0.562812586,-0.519980776,-0.537330064,-0.393447235,-0.497190804,-0.439615427,-0.111014087,-0.033260719,0.062305832,-0.940755375,-0.876447861,-0.896594143,-0.809254287,-0.540650879,-0.690900968,-0.627053713,-0.615391337,-0.482415548,-0.636834187,-0.603743652,-0.555553152,-0.376287194,-0.460610471,-0.157857882,-0.320413131,-0.325013505,-0.408934772,-0.404704179,-0.355276441,-0.525386921,-0.15617325,other
115,-0.744501911,-0.234937698,-0.078457359,0.00809808,0.072144201,-0.05803001,0.380149756,0.196371081,-0.090160207,0.04116415,-0.693826448,-0.098471393,0.094772087,-0.397855359,-0.344623555,-0.562151498,-0.154612672,-0.030202156,-0.06595473,-0.067206323,0.203920685,-0.226724564,-0.373628056,0.481682359,0.032937337,0.832601691,-0.250655095,0.068059179,0.223287828,-0.173692586,0.196785989,-0.022514485,0.050130426,0.061661788,0.183008274,0.200990147,0.342504446,-0.279060128,-0.340703491,-0.379293442,-0.494767513,-0.604030725,-0.590126696,-0.565678165,other
116,-0.082438722,0.359766217,-0.082496426,-0.198782462,-0.073700211,-0.333425381,0.217614666,0.177319832,0.155654276,-0.020097712,-0.095564633,0.024702548,0.290394493,-0.568952097,-0.215183419,-0.642359544,-0.401197715,-0.230269559,-0.329497403,0.021041754,0.013153948,0.019684411,-0.715236456,-0.735572085,-0.809794298,-0.807544296,-0.849449017,-0.733029762,-0.736469774,-0.856626186,-0.872323298,-0.861394572,-0.8998139,-0.867645399,-0.864452791,-0.880411742,-0.828374454,-0.890342709,-0.885720648,-0.907238724,-0.88486752,-0.928374295,-0.924346882,-0.924692467,other
117,-0.10801971,0.258229184,0.312322626,-0.265480927,-0.127662422,0.086275006,-0.102992045,0.16985432,-0.877060739,0.082322724,-0.325535573,0.041357628,0.016556795,-0.733363102,-0.28217498,-0.566527162,-0.152385186,-0.3538209,0.041536408,0.454937257,0.078907848,-0.020745511,0.428332951,0.351273767,-0.54702308,-0.083598029,0.10761596,-0.029441655,-0.337630771,-0.149294784,0.118543119,-0.305297356,-0.556727163,-0.385888102,-0.229820458,-0.356413317,-0.459033751,-0.404770748,-0.573650393,-0.608326693,-0.711068003,-0.56568638,-0.661435432,-0.489931744,other
118,-0.609923051,-0.155699695,0.316934847,0.038493799,-0.226497992,-0.167074842,0.416229043,0.128408246,-0.139938038,0.291763229,-0.415428535,0.749044748,0.589930533,-0.166520354,-0.066925405,-0.315902843,0.361600189,0.526495575,0.040345205,0.703517131,0.406211138,0.080151933,-0.40122667,-0.237417629,-0.264202915,-0.292392617,0.145518177,-0.450662607,-0.342370652,0.542384277,-0.425155945,-0.345686762,0.192925354,-0.123697251,0.549202949,-0.315444494,-0.30898649,-0.441280346,-0.523558741,-0.576624133,-0.477244749,-0.537614377,-0.751701,-0.63903871,other
119,0.633837087,0.778194268,0.601983579,-0.69636676,-0.493685204,-0.862939686,-0.559072014,0.279346773,-0.240169837,-0.033246647,-0.229359193,-0.141896239,0.071264848,-0.606894084,-0.299071821,-0.674382733,-0.306814793,-0.181268062,-0.424178071,-0.061693865,-0.005827934,-0.068187684,-0.961573907,-0.985984293,-0.545458379,-0.986726655,-0.977402184,-0.968051603,-0.946041238,-0.973409461,-0.945395438,-0.934769484,-0.951654312,-0.961945166,-0.962021562,-0.940758972,-0.937234775,-0.960587084,-0.94931663,-0.955919137,-0.958842961,-0.961816885,-0.947507102,-0.962461535,other
120,-0.319255944,0.18775932,0.198237211,-0.157224575,-0.055570932,-0.046427052,-0.144335205,0.116781143,-0.575237136,0.249748983,-0.067599395,0.366576099,-0.2427527,0.182373837,-0.325592485,-0.364789496,0.046708641,-0.57834712,0.325948771,0.045281657,0.071419845,0.455742294,-0.109247763,-0.023876417,-0.639605547,-0.333418221,-0.291708277,-0.4158395,-0.52496225,0.268207145,-0.154953777,-0.35764983,-0.650547838,-0.329554333,-0.422018693,-0.230017706,-0.296294011,-0.530893774,-0.571551439,-0.113915003,-0.636537549,-0.554457653,-0.673289253,-0.605162721,other
121,-0.557043178,-0.211486192,-0.251210359,-0.126075436,-0.287651169,0.095160814,0.650510601,-0.040367575,-0.208621437,0.357021385,-0.18728825,0.101427758,0.755267374,-0.516584379,-0.133847583,-0.405939178,-0.070801171,-0.206968563,0.134647853,-0.032225234,0.231092041,-0.072373548,-0.378033652,-0.197390228,-0.081745835,0.114985033,0.811544246,0.025890466,0.005099309,0.727184905,0.214117338,-0.30568692,-0.188701261,-0.177771868,-0.178401285,0.146383665,-0.200223215,0.078607397,-0.063549442,-0.181280649,-0.064482265,-0.027694571,-0.073579027,-0.051839497,other
122,-0.613923328,-0.282496638,0.237441369,0.143680843,-0.449222009,0.22545491,0.57836226,-0.184097226,-0.205871334,0.582438783,-0.316142455,0.08329887,0.72799134,-0.598734919,-0.127460285,-0.419868012,-0.133037649,-0.094481105,0.183039205,-0.215841736,0.212639297,-0.094853742,-0.625104252,-0.434543538,-0.112554149,-0.053599678,0.66288991,0.020827731,0.165338629,1,0.243242291,0.048999339,0.095139508,-0.043245254,-0.151212022,-0.016158411,-0.151595544,-0.216758527,-0.399687916,-0.376133257,-0.344214212,-0.397785492,-0.383511481,-0.414715149,other
123,-0.592041018,-0.314060187,0.243117496,0.156339852,-0.548101474,0.041904989,0.671424615,0.1198116,-0.082645198,0.534809956,-0.180967385,0.130868037,0.66110344,-0.35981974,-0.131223505,-0.494114577,0.135262139,0.203378077,0.160503095,0.04216876,0.393905877,-0.013048567,-0.693583196,-0.739047028,0.726441602,-0.28591464,0.958665636,-0.17798229,0.262159744,0.314425758,0.352027841,-0.031310384,-0.127613479,0.074201248,0.280964778,-0.245547598,-0.093642882,-0.19666326,-0.280026522,-0.500494051,-0.356289589,-0.373281644,-0.516449348,-0.328184303,other
124,-0.511350761,-0.21628145,0.439803155,0.13706356,-0.40948798,-0.764209958,-0.580014296,-0.205241272,-1,-0.858110184,-0.947311805,-0.926496865,-0.783050697,-0.866636918,-0.736966187,-0.983956048,-0.917614953,-0.984004826,-1,-0.721815735,-0.110157575,-0.519252473,-0.562185793,-0.742005203,-0.592236743,-0.74774966,-0.810503799,-0.849763752,-0.799360103,-0.835888074,-0.77270366,-0.783870849,-0.841943272,-0.78775019,-0.712681193,-0.757871627,-0.69904171,-0.774948349,-0.748935494,-0.743128669,-0.725809271,-0.784061764,-0.824749671,-0.839346591,other
125,-0.361314895,-0.206049048,-0.147985172,4.30E-05,-0.47301224,-0.448281774,0.112567442,0.219983516,0.141347299,-0.134752578,0.032209237,-0.214542386,0.029255482,-0.440418702,-0.289872017,-0.744560607,-0.360877987,-0.479137175,-0.081565802,-0.28577729,0.056155709,-0.44994082,-0.918832309,-0.935455189,-0.700686991,-0.7531932,-0.628538329,-0.823078009,-0.768887508,-0.650368447,-0.650513973,-0.721342415,-0.70693882,-0.568834628,-0.419402641,-0.418576582,-0.317443999,-0.316906995,-0.315474134,-0.484506894,-0.442093051,-0.301209258,-0.307490393,-0.166585666,other
126,-0.394649859,0.06548556,0.123158109,-0.036870759,-0.133487945,-0.340899285,0.170996734,0.088151718,-0.346194623,0.19114282,-0.206605746,0.495736381,-0.317466551,-0.230742655,-0.212932947,-0.69046776,0.229964227,-0.023655343,-0.251651613,0.394378152,0.163467236,0.128636295,-0.650229254,-0.584484712,-0.555065423,-0.752891306,-0.397929648,-0.687037108,-0.64282235,-0.241551625,-0.216984459,-0.458917112,-0.444628806,-0.251994659,-0.44654242,-0.733675142,-0.57447456,-0.460926216,-0.583559195,-0.752126568,-0.622724548,-0.795928927,-0.812744399,-0.81317491,other
127,-0.228339814,0.140501618,0.248649677,-0.119082076,-0.197490301,-0.240373939,0.128164408,0.293427987,-0.754051396,0.191402987,-0.46009326,0.314670699,-0.143574692,-0.31698915,-0.207291408,-0.681544679,-0.4064524,0.448818231,-0.418254483,0.128000825,0.363824373,-0.111234683,0.099382455,0.052143874,-0.47341771,-0.237156521,-0.232000272,-0.139525436,-0.360847223,-0.440677243,0.161458367,-0.39609312,-0.558524314,-0.393116735,-0.095169642,-0.41737257,-0.448458606,-0.561524846,-0.298105775,-0.590340528,-0.555141331,-0.658561396,-0.789318121,-0.717056277,other
128,-0.825194206,-0.262746887,-0.298501329,-0.091874592,0.153616213,0.09567669,0.457666416,0.370001492,0.041747083,0.021818363,-0.176548348,0.142295008,-0.087356352,-0.51300641,-0.140707271,-0.648020033,0.066572679,-0.077204889,-0.065662299,0.16195918,0.286721427,-0.106679771,-0.461568022,0.074507005,-0.011477152,-0.028638955,-0.216879326,-0.317514768,-0.291656672,-0.359300236,-0.314740676,-0.450370462,-0.424364701,-0.618178879,-0.181624532,-0.423324242,-0.542945148,-0.511568573,-0.556139595,-0.684272669,-0.701870312,-0.738451623,-0.755943078,-0.702716236,other
129,-0.633651644,-0.412062244,0.39179007,0.45084648,-0.677831666,-0.045321061,0.640066776,-0.202564523,-0.183689544,0.545111064,-0.34030155,0.358809852,0.648273432,-0.671099818,0.011514736,-0.508383691,-0.331709941,0.129233176,0.226413484,-0.262793289,0.456064339,0.097624805,-0.893648363,-0.926348331,0.176857289,-0.37304908,0.301428945,-0.49569941,0.162707499,0.224130034,0.304651334,-0.27293772,-0.128388908,0.020661414,-0.294551928,-0.120664101,-0.376121251,-0.454971566,-0.245013659,-0.489859044,-0.609650423,-0.472876455,-0.664402788,-0.661502822,other
130,-0.318426544,0.130269722,0.219959896,-0.094717099,-0.160016463,-0.155931535,0.187943305,0.08692877,-0.293737509,0.107191256,-0.278943541,0.158261692,-0.472020339,-0.164925531,-0.262181966,-0.757245999,0.347267452,0.120391021,-0.192593415,0.601658752,0.231022415,-0.027677469,-0.398590647,-0.299936462,-0.394949012,-0.483285715,-0.187554376,-0.530567493,-0.365463534,-0.069522692,-0.236247047,-0.112721286,-0.364843642,-0.397414787,-0.342767958,-0.52801865,-0.256487924,-0.141481943,-0.239394706,-0.608896716,-0.538117727,-0.717446078,-0.807087182,-0.779032536,other
131,-0.580841057,-0.190745294,0.27833975,0.006911619,-0.365181594,0.425204418,0.45686079,0.064523492,0.079755514,0.289785437,0.018821285,0.290279295,0.538453313,-0.380445313,-0.061947356,-0.450705177,-0.129173701,-0.014178075,-0.124023317,0.136207944,0.265420237,-0.341121541,-0.512019638,-0.255678381,0.073859396,0.29807463,0.579762179,0.267354949,0.161789513,0.457967681,0.280802151,1,-0.098637719,0.001341756,1,-0.218096143,-0.114376069,0.389110538,-0.456096036,-0.381128563,0.123295838,-0.431069885,-0.544953105,-0.077413732,other
132,-0.593041596,-0.166674645,0.10305258,0.029591188,-0.013237584,0.423745923,0.46519592,0.100563488,0.022016471,-0.020463394,-0.324529075,0.555709824,-0.325885801,-0.456762555,-0.285298241,-0.701893552,0.037881135,0.06787708,-0.391071798,0.029787783,0.235069741,-0.156634658,0.022342495,0.687436469,-0.398117926,0.817970713,-0.053437803,0.009734452,-0.2557231,-0.272063544,-0.271533991,-0.168934793,-0.196606696,-0.029235766,0.219716969,-0.241663981,-0.078778588,0.206533722,-0.340293688,-0.44157635,-0.332008588,-0.367314043,-0.435458119,-0.517527708,other
133,-0.876364333,-0.531881957,0.803337668,0.359727129,-0.03282414,0.600321308,0.367168726,0.604698649,-0.146621377,0.423706302,0.531138011,0.676621612,0.185713875,-0.449863798,-0.351942083,-0.320539422,-0.678487373,0.148024937,0.177302957,0.079053113,0.220410353,0.074423725,-0.979975296,-0.946393172,-0.837567493,-0.89966622,-0.934968354,-0.940585836,-0.90191121,-0.888568919,-0.843840519,-0.884493993,-0.872940555,-0.863294221,-0.881005848,-0.854706081,-0.852963751,-0.854733715,-0.700467001,-0.878880618,-0.885235502,-0.930958444,-0.909320702,-0.915735086,other
134,-0.387672299,0.119697533,-0.02250276,-0.394067902,-0.163054899,0.542746955,0.284520167,0.237935043,0.046338774,-0.024496688,-0.02016537,0.139088217,0.322592389,-0.163939851,-0.293824405,-0.459943213,-0.250630907,-0.650898294,-0.295106985,-0.18508158,0.060588801,-0.338109652,0.028967299,0.152120861,0.05260974,0.041333376,0.624322132,0.090332237,0.276465619,0.332912594,0.372765867,0.339659741,-0.099083392,0.027551145,0.297203258,-0.136334082,0.398407486,0.043189299,-0.288725335,-0.141114958,-0.445787862,-0.351210508,-0.279133197,0.003259545,other
135,-0.586100718,-0.307391217,0.309286479,0.220196937,-0.600144802,0.181180166,0.700580961,-0.23635162,-0.197835092,0.505767851,-0.196741256,0.636410144,0.56800401,-0.690684351,0.086479639,-0.401589821,-0.384855823,0.3205388,0.139575821,-0.40648722,0.43511842,0.038653531,-0.844704494,-0.789695882,-0.322186892,-0.215315515,-0.116635107,-0.063983129,-0.015019455,0.046592322,0.032043091,0.0847788,-0.131783276,-0.135597998,-0.180316661,-0.201703471,0.059612132,-0.15063558,-0.452398615,-0.44924912,-0.324027537,-0.328851968,-0.333158558,-0.111242082,other
136,-0.506517008,-0.019702699,0.216203385,-0.078249374,-0.222688383,-0.045945633,0.502260931,0.253200888,-0.306964933,0.255536423,-0.153500868,0.243858394,0.388085704,-0.09532693,-0.229525296,-0.47441328,0.267972814,0.206144092,0.117482516,0.674584595,0.26401914,0.291446402,-0.428519197,-0.288334045,-0.317302435,-0.293742368,0.28133776,-0.30090293,-0.154302891,0.016445622,0.221730691,-0.36909593,-0.270353306,0.032164083,-0.119166508,-0.225929556,-0.145969134,-0.212245689,-0.471668066,-0.655041206,-0.627212641,-0.738075479,-0.744634448,-0.738451585,other
137,-0.667538862,-0.429554664,0.56201097,0.449614954,-0.260509013,-0.49776596,-0.338283587,0.651796521,0.036315659,0.220410554,-0.164767295,-0.237447255,0.181654222,-0.705931898,-0.203607508,-0.606476183,-0.205242912,-0.316962037,-0.161287099,0.177661678,0.19238653,0.00547529,-0.989858854,-0.991668607,-0.658791895,-0.919548598,-0.963374207,-0.96851048,-0.969097236,-0.961367924,-0.931183427,-0.940389506,-0.970957548,-0.959761226,-0.967004994,-0.956040838,-0.958526177,-0.94214209,-0.969082979,-0.969902037,-0.955095745,-0.966010618,-0.97120606,-0.96137021,other
138,-0.251646574,0.142298365,0.298812706,-0.166040578,-0.126398466,0.258739529,0.026503827,0.159006967,-0.551417685,0.404982597,-0.502737496,0.366762832,-0.175450571,-0.561089147,-0.182509881,-0.724365683,0.276650627,0.311768797,-0.085356155,0.330595766,0.245929146,0.330824896,-0.156882537,-0.131905225,-0.396521512,-0.10173779,-0.381569592,-0.212984169,-0.042297715,0.150395025,-0.006790992,-0.375649795,-0.338384422,-0.130113877,-0.193973497,-0.123859655,-0.238763663,-0.227003714,-0.471794291,-0.495980642,-0.663413415,-0.553896366,-0.702151568,-0.646966062,other
139,-0.252172336,-0.108422697,0.573174534,0.066249238,-0.805618083,-0.295872045,-0.164794463,0.290101155,-0.404309834,-0.184630494,0.146134188,-0.027523036,-0.129192893,-0.441824937,-0.289470884,-0.528563819,-0.1659881,-0.047096507,0.094940082,0.0135561,0.220683503,0.052738823,-0.812691414,-0.893966475,-0.597334835,-0.758927148,-0.652060559,-0.622358739,-0.434820212,-0.64403295,-0.36761025,-0.512557254,-0.451976659,-0.327538139,-0.256912685,-0.313506117,-0.371676228,-0.477087431,-0.288443617,-0.486260657,-0.570464357,-0.458556813,-0.56892449,-0.661263936,other
140,-0.417962732,-0.062484445,0.087722564,-0.172193135,-0.411732907,0.503833685,0.587429159,0.1437387,-0.132115444,0.208339896,-0.516465015,0.169449432,0.33584633,-0.492096463,-0.24227996,-0.513589415,-0.225460368,-0.18673932,0.039203513,-0.268083953,0.24912286,-0.175580787,-0.349061658,-0.267143388,-0.305597177,-0.020353822,0.051342715,-0.081875523,0.290486044,0.597873638,0.06531605,0.236598313,-0.053441496,0.103231271,0.144148686,-0.10590691,-0.251881763,0.014005193,-0.238844555,-0.405836289,-0.389442471,-0.32675693,-0.613142056,-0.483720189,other
141,-0.677116703,-0.41821054,0.088144527,0.244657887,-0.414415831,0.295934899,0.669392775,-0.381431349,-0.245929284,0.788656077,-0.268096177,0.033411097,0.847301772,-0.446855511,-0.007218774,-0.339619223,-0.002502611,0.146616228,0.414131211,-0.103328691,0.313036174,-0.00221686,-0.879759134,-0.882818994,-0.099689104,-0.393962926,0.517082661,-0.009935134,0.191225043,0.55752029,0.332904062,-0.168954876,-0.050252266,-0.085868869,-0.380846999,-0.477259028,-0.258644904,-0.587824205,-0.56266856,-0.651419475,-0.687704007,-0.726371509,-0.705637308,-0.697617355,other
142,1,1,-1,-1,-0.185341297,-0.210858276,-0.034442229,0.003440244,0.127067262,0.141141182,-0.238079325,-0.026627546,0.471489042,-0.446829853,-0.399572905,-0.378848886,-0.355639066,-0.267860707,0.249534527,-0.355725531,0.368126562,-0.19791564,-0.012903776,-0.251773984,-0.95817366,-0.876259112,-0.813907881,-0.68063959,-0.614618539,-0.03518552,-0.518430912,-0.370340921,0.064713454,0.202868308,0.281089108,0.011836679,0.579936996,0.458878959,-0.08453657,-0.430172807,-0.511409931,-0.119125785,-0.267946871,-0.324818187,other
143,-0.354514628,0.066923222,0.733990344,-0.163298762,-0.297390093,0.327164821,0.057942713,0.349743112,-0.2780928,0.249543506,-0.374033972,0.385152553,0.072882168,-0.057966829,-0.344290923,-0.619633076,-0.283098056,0.012077767,-0.46312685,-0.076699358,0.257551825,-0.357444484,-0.220996687,-0.073612328,-0.716843011,0.102864691,-0.141442535,-0.086152969,-0.097561749,-0.290188034,-0.254990906,-0.116810409,-0.30181861,-0.39327984,-0.191304249,-0.525525437,-0.328702885,-0.205156171,-0.550868841,-0.496204581,-0.52781174,-0.686933302,-0.69532737,-0.761421268,other
144,-0.993089689,-0.923933496,0.193889474,0.954305413,0.080690698,-0.2903497,0.56968949,0.393047554,0.454117254,0.342957704,0.032880533,0.360649992,0.521404634,-0.366504585,-0.072837033,-0.510265379,-0.041438569,-0.071347144,0.323089436,0.114815872,0.356531231,0.153771052,-0.996037043,-0.996233234,-0.971294065,-0.927639096,-0.841647,-0.888695765,-0.929250613,-0.945171542,-0.894438514,-0.937065827,-0.951357459,-0.936892259,-0.929388174,-0.918558484,-0.911100969,-0.885490529,-0.836975803,-0.871022461,-0.932029132,-0.932831029,-0.942473884,-0.949575483,other
145,-0.207635374,0.234730269,-0.043390912,-0.129248955,-0.051343931,-0.350010068,0.037796869,0.290929394,-0.169231783,0.167793629,-0.275756395,-0.070726908,-0.10139652,-0.289521713,-0.39131798,-0.690744056,-0.006951533,0.145867848,-0.131665923,0.216219595,0.25200374,0.131836961,-0.705745152,-0.635900935,-0.746250387,-0.76755776,-0.710057919,-0.831010797,-0.809034352,-0.709107563,-0.674258202,-0.581064532,-0.629816266,-0.701725189,-0.764688193,-0.610302497,-0.642431847,-0.800768236,-0.808972626,-0.832402237,-0.756803558,-0.807310787,-0.891802446,-0.902108348,other
146,-0.438271831,0.093997485,-0.22360996,-0.307171296,-0.049808167,0.27902188,0.569882651,0.088166486,-0.328485096,0.698523881,-0.547408338,0.242002857,0.586537946,-0.456005238,-0.203798643,-0.42846351,-0.032685011,-0.0508113,0.01994394,-0.206128332,0.177438384,-0.140408585,0.270512104,0.614823269,-0.077640015,0.540354838,0.210819527,0.071990978,0.277330464,0.802325116,0.552393188,-0.152892286,0.544926847,0.265588846,-0.085689489,0.082800259,0.089902368,-0.084378753,-0.187971812,-0.52276895,-0.516008583,-0.357158225,-0.58931787,-0.656182069,other
147,-0.595089624,-0.14552984,-0.24952553,-0.082828198,-0.14875492,0.051881462,0.306323016,-0.239746881,-0.010173984,-0.237337692,-0.477627071,-0.224951795,0.065996255,-0.678952415,-0.414633547,-0.745542487,-0.286608017,-0.382714689,-0.197415862,0.012825918,0.102990491,-0.428996945,-0.17602842,0.224307406,0.007402353,0.397989189,0.863580824,0.164683046,-0.277303396,0.427784691,-0.039609715,-0.068499986,0.245977539,0.107601787,-0.119863782,-0.375398275,-0.054687036,0.027839834,-0.458003771,-0.360221035,-0.537613635,-0.629310275,-0.640437058,-0.718846454,other
148,-0.913188076,-0.915807719,0.001324806,1,0.527751206,-0.209946309,0.377786058,0.119104724,-0.110596797,-0.140631896,-0.444937967,-0.425380555,0.059415247,-0.624720788,-0.238334005,-0.728812214,-0.500494498,-0.694987409,-0.329990152,-0.577693268,0.071155289,-0.344029753,-0.997228139,-0.998488405,-0.933705761,-0.840728514,-0.956280997,-0.922292379,-0.886778295,-0.874422242,-0.911294516,-0.935641319,-0.950969585,-0.918215707,-0.895293095,-0.917521509,-0.899500387,-0.916652949,-0.930708073,-0.90387303,-0.946569108,-0.950187948,-0.923444802,-0.910995787,other
149,-0.759045965,-0.19553133,0.047539371,-0.050516045,0.009959688,0.093112258,0.303519956,0.368068939,-0.082413918,0.446380905,0.10431606,0.599348565,0.442718491,0.065924563,-0.136939494,-0.396607807,0.164407311,0.688834689,0.209566354,0.681496393,0.45003037,0.196067412,-0.84803295,-0.656482394,-0.580498213,-0.629933731,-0.567893174,-0.458973583,-0.569126463,-0.314021637,-0.310477157,-0.569656806,-0.656924122,-0.487216137,-0.215819625,-0.584256709,-0.613298439,-0.651825378,-0.669039225,-0.679004999,-0.475286824,-0.705713581,-0.823151512,-0.713201674,other
150,-0.964184987,-0.873895848,0.236285666,0.957248681,-0.011441683,-0.319395493,0.546623904,0.286508678,0.441937625,0.253961055,-0.045358327,0.309298036,0.367203518,-0.413348356,-0.082648544,-0.485074456,0.03126554,-0.034639806,0.423044382,0.12697468,0.368906046,0.198153412,-0.995913411,-0.996148839,-0.99460824,-0.988853451,-0.969011134,-0.971034987,-0.983689136,-0.951123167,-0.954336573,-0.942143698,-0.958530054,-0.932095597,-0.924316886,-0.939969608,-0.911328904,-0.932150096,-0.949959324,-0.959488442,-0.958336646,-0.956487613,-0.975339919,-0.94482885,other
151,-0.518528028,-0.113973051,0.505138641,-0.028429706,-0.393837589,0.547696468,0.237047606,0.100251045,-0.113552054,0.237326819,-0.109142864,0.180719343,0.282757232,-0.436784561,-0.255831975,-0.502835818,-0.344452891,-0.28231075,-0.223468306,-0.159996244,0.094535435,-0.139408174,-0.620370386,-0.418659379,0.100087831,0.299642836,0.690312474,0.662761427,0.140059188,0.285896032,0.255780092,0.36189143,-0.19401164,0.098277582,-0.015515836,-0.048252458,-0.006500225,-0.444839289,-0.047077064,-0.33861752,0.036083046,0.066902173,-0.187886581,0.178920617,other
152,-0.96444583,-0.653877424,-0.42950589,0.010060775,0.269496947,0.181214025,0.477348767,0.368273841,0.183408326,0.132534325,-0.105986636,0.162004027,0.128814526,-0.540206004,-0.193878443,-0.561985402,-0.216903658,-0.554006968,0.098683883,-0.246730557,0.126531263,-0.20110506,-0.931817616,-0.682510512,-0.11251434,-0.453685863,-0.465695379,-0.461052993,-0.665299652,-0.401361511,-0.233319289,-0.365318279,-0.473836701,-0.374957462,-0.357490962,-0.58714278,-0.536086228,-0.620660011,-0.660984593,-0.617363449,-0.869259284,-0.750986327,-0.693671791,-0.716839808,other
153,0.560664417,0.93626369,0.716440959,-0.931770618,-0.126544892,0.14083601,0.588207992,1,1,1,-0.334170755,-1,-0.192972597,0.445122506,-0.196728055,-1,-0.167236097,0.906666397,-0.718513457,0.599219909,0.235383712,-0.22231732,-0.954934682,-0.993127979,-0.915954254,-1,-1,-0.995386514,-0.9957131,-0.985332186,-0.972681454,-0.97666482,-0.993112545,-0.978875999,-0.967796898,-0.936877317,-0.933783061,-0.971471161,-0.983607134,-0.97489064,-0.957574246,-0.944029731,-0.935513947,-0.956178292,other
154,-0.53431924,0.016159218,-0.39740959,-0.405694268,-0.150755777,0.322375581,0.288632886,0.258540101,-0.117502065,0.088772321,-0.065368428,-0.00631488,0.690309705,-0.563260389,-0.127143936,-0.467419689,-0.246737572,-0.137398618,-0.232616463,-0.185938783,0.144779652,-0.294567059,-0.358540449,-0.12613546,-0.300018824,-0.045116314,0.033241684,0.052051656,0.159417896,0.088872244,0.505189562,-0.061695033,-0.30229917,0.011393585,-0.052538683,0.039529426,-0.158624523,-0.123970805,-0.342699681,-0.548635423,-0.373790102,-0.507408495,-0.543948609,-0.315506443,other
155,-0.473501985,-0.057711244,0.449662453,-0.159498144,-0.338577754,0.555879062,0.249104003,0.274735536,0.01503532,0.038155873,-0.116433328,0.260704915,0.352998499,-0.269101073,-0.198043488,-0.563269846,-0.090239502,0.039347129,-0.395475107,0.123289146,0.294480105,-0.403666635,-0.280085561,-0.070562351,-0.008528817,0.223507757,0.567524569,0.060831545,-0.021593742,0.258343457,0.545640152,0.497627552,-0.089728602,0.40547408,0.362301612,-0.128646675,0.399947986,0.413893849,0.326559382,0.584108002,0.339168582,1,1,0.678258209,other
156,-0.355608947,0.14838641,0.219939037,-0.164373407,-0.149808442,0.034952627,0.32242759,0.159961312,-0.296255201,0.208970526,-0.352660716,0.237644174,0.119771668,-0.313994959,-0.323621171,-0.5510838,-0.049079396,0.043110913,0.095715245,0.422073429,0.24388497,0.352310873,-0.102545745,-0.036490862,-0.256063615,-0.190027347,-0.248176222,-0.52864529,-0.475540359,0.275834209,-0.219592184,-0.609095973,0.011741618,-0.261406107,-0.175751212,-0.551310885,-0.448740834,-0.576228074,-0.650123735,-0.785130197,-0.747952297,-0.689097797,-0.773220223,-0.787878647,other
157,-0.545370438,-0.040891533,0.281443014,-0.132108009,-0.287789966,0.158804041,0.410521894,0.128753665,-0.268769237,0.18967886,-0.038559525,1,-0.18122591,0.009037015,0.107546792,-0.590458524,0.326591249,0.36720695,0.367566411,0.809943671,0.323716728,0.40297146,-0.452406535,-0.001038746,-0.59391749,-0.185142346,0.644750587,0.11488644,-0.549680332,0.303092175,0.187259215,-0.157251817,-0.322534445,-0.202652761,-0.237007681,-0.491103941,-0.357121327,-0.237935037,-0.582954735,-0.653459834,-0.72509948,-0.668635955,-0.638936798,-0.669811842,other
158,-0.925294875,-0.948751526,-0.364692764,0.579797384,0.779281876,0.40555615,0.536138772,0.409084038,0.12133233,-0.010984249,-0.171203429,-0.18399801,0.030656065,-0.620636528,-0.304662612,-0.78324169,-0.406757316,-0.604912696,-0.237859683,-0.395704027,0.098316335,-0.30555641,-0.757906007,-0.820673379,-0.825664178,-0.489667664,-0.825974283,-0.788005796,-0.889265509,-0.95692066,-0.935462809,-0.966873236,-0.984851169,-0.968080075,-0.971869218,-0.97363762,-0.96841164,-0.981970818,-0.991343858,-0.976765398,-0.978674361,-0.985234001,-0.988145259,-0.986981175,other